review_id,application_id,caseworker_id,reviewed_at,initial_band,final_decision,overridden,notes
1,11,9,2024-10-17,human_review,approved,False,
2,126,6,2024-10-20,human_review,approved,False,
3,89,5,2024-11-07,human_review,approved,False,
4,97,7,2024-11-02,human_review,deferred,False,
5,63,1,2024-10-09,human_review,approved,False,
6,1,5,2024-11-04,human_review,approved,False,
7,47,7,2024-10-19,human_review,deferred,False,
8,45,1,2024-10-19,human_review,deferred,False,
9,30,1,2024-11-04,human_review,deferred,False,
10,25,7,2024-10-20,human_review,approved,False,
11,161,2,2024-11-23,human_review,deferred,False,
12,189,9,2024-12-03,human_review,approved,False,
13,139,8,2024-11-21,human_review,deferred,False,
14,169,3,2024-11-06,human_review,approved,False,
15,231,8,2024-11-26,human_review,approved,False,
16,156,5,2024-11-30,human_review,deferred,False,
17,135,4,2024-11-27,human_review,approved,False,
18,159,10,2024-11-26,human_review,approved,False,
19,172,1,2024-11-25,human_review,approved,False,
20,209,10,2024-11-15,human_review,approved,True,
21,154,10,2024-11-15,human_review,approved,False,
22,171,4,2024-11-12,human_review,approved,False,
23,192,9,2024-11-17,human_review,approved,False,
24,190,7,2024-11-21,human_review,approved,False,
25,203,9,2024-12-02,human_review,approved,False,
26,168,7,2024-11-25,human_review,approved,False,
27,236,8,2024-11-13,human_review,approved,False,
28,320,8,2024-12-28,human_review,approved,False,
29,372,4,2024-12-19,human_review,approved,False,
30,284,6,2025-01-01,human_review,deferred,False,
31,345,2,2024-12-08,human_review,deferred,False,
32,316,5,2024-12-23,human_review,approved,True,
33,368,1,2024-12-28,human_review,deferred,False,
34,312,8,2024-12-26,human_review,approved,False,
35,327,2,2024-12-14,human_review,approved,True,
36,323,6,2024-12-25,human_review,deferred,False,
37,329,5,2024-12-23,human_review,deferred,False,
38,276,10,2024-12-07,human_review,approved,False,
39,343,3,2024-12-04,human_review,deferred,False,
40,308,3,2024-12-12,human_review,approved,False,
41,478,7,2025-01-10,human_review,deferred,False,
42,387,2,2025-01-24,human_review,approved,False,
43,468,2,2025-01-06,human_review,approved,False,
44,413,7,2025-01-29,human_review,approved,False,
45,380,10,2025-01-18,human_review,approved,False,
46,422,10,2025-02-08,human_review,approved,False,
47,425,9,2025-01-21,human_review,approved,False,
48,463,8,2025-01-31,human_review,deferred,False,
49,377,7,2025-01-24,human_review,deferred,False,
50,465,2,2025-01-28,human_review,deferred,False,
51,507,7,2025-01-15,human_review,approved,False,
52,402,9,2025-01-15,human_review,deferred,False,
53,537,1,2025-02-25,human_review,approved,False,
54,617,9,2025-02-13,human_review,deferred,False,
55,651,3,2025-02-23,human_review,approved,False,
56,532,6,2025-02-09,human_review,deferred,True,
57,582,2,2025-03-06,human_review,deferred,False,
58,606,6,2025-02-07,human_review,deferred,False,
59,618,9,2025-02-27,human_review,deferred,False,
60,599,2,2025-02-26,human_review,approved,False,
61,628,10,2025-02-27,human_review,approved,False,
62,591,8,2025-02-21,human_review,approved,False,
63,585,5,2025-02-06,human_review,approved,False,
64,666,6,2025-02-07,human_review,approved,False,
65,630,4,2025-03-06,human_review,deferred,False,
66,783,9,2025-04-01,human_review,approved,True,
67,777,3,2025-04-08,human_review,deferred,False,
68,689,9,2025-03-07,human_review,approved,False,
69,787,6,2025-03-17,human_review,deferred,False,
70,728,2,2025-03-21,human_review,approved,False,
71,739,8,2025-03-15,human_review,deferred,False,
72,856,4,2025-03-17,human_review,approved,False,
73,861,7,2025-03-30,human_review,deferred,False,
74,780,1,2025-03-20,human_review,approved,False,
75,789,5,2025-03-07,human_review,approved,False,
76,837,1,2025-03-21,human_review,approved,False,
77,690,8,2025-03-31,human_review,deferred,False,
78,800,5,2025-03-21,human_review,approved,False,
79,1040,7,2025-04-10,human_review,approved,False,
80,956,9,2025-04-28,human_review,deferred,False,
81,1045,5,2025-04-06,human_review,approved,False,
82,909,4,2025-04-30,human_review,deferred,False,
83,894,3,2025-04-12,human_review,deferred,False,
84,1024,4,2025-04-11,human_review,approved,False,
85,991,5,2025-05-01,human_review,approved,False,
86,934,2,2025-04-25,human_review,deferred,False,
87,878,3,2025-04-16,human_review,deferred,False,
88,955,2,2025-04-21,human_review,deferred,False,
89,897,1,2025-04-27,human_review,deferred,False,
90,1019,2,2025-05-03,human_review,approved,False,
91,933,3,2025-04-22,human_review,approved,False,
92,984,2,2025-04-13,human_review,approved,False,
93,1029,5,2025-04-24,human_review,deferred,False,
94,1136,2,2025-05-15,human_review,approved,False,
95,1176,1,2025-05-12,human_review,deferred,False,
96,1107,1,2025-06-07,human_review,approved,False,
97,1185,4,2025-05-31,human_review,deferred,False,
98,1111,1,2025-05-14,human_review,approved,False,
99,1075,9,2025-05-13,human_review,deferred,True,
100,1133,5,2025-06-05,human_review,deferred,False,
101,1155,6,2025-06-06,human_review,deferred,False,
102,1163,2,2025-05-13,human_review,approved,False,
103,1059,5,2025-05-26,human_review,deferred,False,
104,1262,8,2025-05-31,human_review,approved,False,
105,1454,2,2025-06-17,human_review,deferred,False,
106,1468,4,2025-07-05,human_review,deferred,False,
107,1323,10,2025-06-13,human_review,approved,False,
108,1498,6,2025-07-03,human_review,approved,False,
109,1420,8,2025-06-12,human_review,approved,False,
110,1278,5,2025-06-26,human_review,deferred,False,
111,1329,1,2025-07-02,human_review,approved,False,
112,1491,1,2025-06-19,human_review,approved,False,
113,1405,9,2025-06-15,human_review,deferred,False,
114,1482,1,2025-07-05,human_review,approved,False,
115,1463,3,2025-06-10,human_review,deferred,False,
116,1621,10,2025-07-23,human_review,deferred,True,
117,1656,3,2025-07-24,human_review,approved,False,
118,1514,9,2025-07-18,human_review,deferred,False,
119,1626,3,2025-07-02,human_review,deferred,False,
120,1630,1,2025-07-10,human_review,deferred,False,
121,1546,10,2025-07-15,human_review,approved,False,
122,1721,10,2025-07-16,human_review,deferred,False,
123,1675,1,2025-07-14,human_review,deferred,True,
124,1638,3,2025-07-22,human_review,deferred,False,
125,1660,7,2025-07-04,human_review,approved,True,
126,1588,6,2025-07-22,human_review,deferred,False,
127,1715,9,2025-07-24,human_review,approved,False,
128,1628,3,2025-07-27,human_review,approved,True,
129,1997,7,2025-08-24,human_review,deferred,False,
130,2040,1,2025-08-28,human_review,deferred,False,
131,1961,8,2025-08-07,human_review,approved,False,
132,1984,4,2025-08-07,human_review,approved,False,
133,1929,5,2025-08-23,human_review,approved,False,
134,1964,8,2025-08-12,human_review,approved,False,
135,1944,10,2025-08-22,human_review,deferred,False,
136,1893,1,2025-08-05,human_review,approved,False,
137,1886,4,2025-08-20,human_review,approved,True,
138,2135,10,2025-09-09,human_review,approved,True,
139,2054,9,2025-09-15,human_review,approved,False,
140,2076,3,2025-09-17,human_review,deferred,False,
141,2191,6,2025-09-22,human_review,deferred,True,
142,2203,6,2025-09-05,human_review,deferred,False,
143,2139,1,2025-09-24,human_review,approved,False,
144,2267,10,2025-09-16,human_review,approved,True,
145,2110,6,2025-09-03,human_review,approved,False,
146,2222,1,2025-09-24,human_review,deferred,True,
147,2148,5,2025-09-20,human_review,deferred,False,
148,2385,5,2025-10-25,human_review,deferred,False,
149,2349,7,2025-10-15,human_review,approved,False,
150,2562,7,2025-11-04,human_review,approved,False,
151,2507,9,2025-11-02,human_review,approved,False,
152,2570,2,2025-10-07,human_review,deferred,False,
153,2481,7,2025-11-02,human_review,approved,False,
154,2389,8,2025-11-02,human_review,deferred,False,
155,2351,1,2025-11-01,human_review,deferred,True,
156,2556,10,2025-10-05,human_review,approved,False,
157,2438,10,2025-10-27,human_review,deferred,False,
158,2798,4,2025-11-26,human_review,approved,False,
159,2679,3,2025-11-17,human_review,approved,False,
160,2776,10,2025-11-29,human_review,approved,False,
161,2707,3,2025-11-21,human_review,approved,False,
162,2898,9,2025-11-24,human_review,approved,False,
163,2659,7,2025-11-17,human_review,approved,False,
164,2645,1,2025-11-27,human_review,deferred,True,
165,2871,4,2025-11-28,human_review,approved,False,
166,2852,1,2025-11-18,human_review,deferred,False,
167,2647,5,2025-12-01,human_review,approved,False,
168,2734,7,2025-11-13,human_review,deferred,False,
169,2971,3,2025-12-28,human_review,deferred,False,
170,3217,10,2025-12-15,human_review,approved,False,
171,3206,9,2025-12-21,human_review,approved,False,
172,3228,4,2025-12-08,human_review,approved,False,
173,3033,5,2025-12-18,human_review,approved,False,
174,3021,7,2025-12-05,human_review,approved,False,
175,3089,4,2026-01-05,human_review,deferred,False,
176,3062,9,2026-01-02,human_review,deferred,False,
177,3105,2,2025-12-10,human_review,approved,False,
178,3588,10,2026-01-13,human_review,approved,True,
179,3373,8,2026-01-24,human_review,deferred,True,
180,3643,9,2026-01-23,human_review,approved,False,
181,3509,10,2026-02-04,human_review,deferred,True,
182,3449,3,2026-01-11,human_review,approved,False,
183,3408,1,2026-01-20,human_review,deferred,False,
184,3430,1,2026-01-20,human_review,approved,False,
185,3348,2,2026-02-04,human_review,deferred,False,
186,3500,1,2026-01-11,human_review,approved,False,
187,3460,4,2026-01-02,human_review,deferred,False,
188,3437,9,2026-01-13,human_review,deferred,False,
189,3390,6,2026-01-26,human_review,deferred,False,
190,3326,3,2026-01-25,human_review,deferred,False,
191,3958,3,2026-02-27,human_review,deferred,False,
192,3710,2,2026-03-04,human_review,deferred,False,
193,3772,5,2026-02-21,human_review,deferred,False,
194,3881,3,2026-02-16,human_review,deferred,False,
195,4043,6,2026-02-13,human_review,approved,False,
196,3999,10,2026-02-17,human_review,approved,False,
197,4006,6,2026-03-01,human_review,approved,False,
198,3807,10,2026-03-07,human_review,approved,False,
199,3985,4,2026-02-06,human_review,approved,False,
200,3920,9,2026-03-04,human_review,deferred,False,
201,3968,9,2026-03-03,human_review,approved,False,
202,4435,5,2026-03-25,human_review,approved,False,
203,4335,3,2026-03-28,human_review,approved,False,
204,4311,1,2026-03-29,human_review,approved,False,
205,4055,9,2026-03-25,human_review,deferred,False,
206,4227,4,2026-03-30,human_review,deferred,False,
207,4363,2,2026-03-13,human_review,approved,False,
208,4220,8,2026-03-20,human_review,deferred,False,
209,4446,4,2026-03-15,human_review,deferred,False,
210,4233,6,2026-03-16,human_review,approved,False,
211,4195,1,2026-03-19,human_review,deferred,False,
212,4433,1,2026-03-24,human_review,approved,False,
213,4813,8,2026-04-25,human_review,deferred,False,
214,4588,4,2026-04-15,human_review,approved,False,
215,4745,4,2026-04-05,human_review,deferred,False,
216,4592,4,2026-05-04,human_review,deferred,False,
217,4814,9,2026-04-23,human_review,deferred,False,
218,4633,2,2026-04-16,human_review,approved,True,
219,4850,9,2026-04-26,human_review,approved,False,
220,4670,2,2026-04-17,human_review,approved,False,
221,4612,5,2026-04-27,human_review,approved,False,
222,4837,4,2026-04-16,human_review,deferred,True,
223,4775,2,2026-04-11,human_review,deferred,False,
224,5261,4,2026-05-21,human_review,approved,False,
225,5193,4,2026-05-25,human_review,approved,False,
226,5168,1,2026-05-22,human_review,deferred,False,
227,5175,2,2026-05-12,human_review,approved,False,
228,5043,1,2026-05-10,human_review,deferred,False,
229,5146,7,2026-05-25,human_review,approved,False,
230,5104,10,2026-05-13,human_review,approved,False,
231,5117,1,2026-05-25,human_review,approved,True,
232,5030,3,2026-05-31,human_review,approved,False,
233,5174,1,2026-05-17,human_review,deferred,True,
234,5358,4,2026-06-23,human_review,deferred,False,
235,5347,2,2026-07-03,human_review,deferred,False,
236,5397,2,2026-06-19,human_review,approved,False,
237,5646,9,2026-06-08,human_review,approved,False,
238,5666,3,2026-06-21,human_review,approved,False,
239,5637,3,2026-06-20,human_review,approved,False,
240,5393,5,2026-06-16,human_review,deferred,False,
241,5532,4,2026-07-05,human_review,approved,False,
242,5785,2,2026-07-14,human_review,approved,False,
243,5718,4,2026-07-24,human_review,deferred,True,
244,5860,8,2026-07-09,human_review,deferred,False,
245,5981,1,2026-08-04,human_review,approved,False,
246,5712,8,2026-07-13,human_review,approved,False,
247,5945,3,2026-07-02,human_review,deferred,False,
248,5946,6,2026-07-12,human_review,approved,False,
249,5927,7,2026-07-13,human_review,approved,True,
250,6069,1,2026-07-22,human_review,approved,False,
251,6101,2,2026-07-21,human_review,deferred,False,
252,6394,8,2026-08-11,human_review,approved,False,
253,6418,10,2026-08-30,human_review,approved,False,
254,6360,5,2026-08-20,human_review,approved,False,
255,6288,8,2026-09-08,human_review,deferred,False,
256,6304,4,2026-08-29,human_review,approved,False,
257,6614,6,2026-08-08,human_review,approved,False,
258,6559,6,2026-09-01,human_review,approved,False,
259,6395,9,2026-08-07,human_review,deferred,False,
260,7175,3,2026-10-03,human_review,approved,False,
261,7062,6,2026-09-09,human_review,deferred,False,
262,6818,2,2026-09-14,human_review,deferred,False,
263,7163,7,2026-10-03,human_review,deferred,False,
264,6728,3,2026-09-21,human_review,deferred,False,
265,6896,1,2026-09-19,human_review,deferred,False,
266,7174,1,2026-09-24,human_review,deferred,True,
267,6764,3,2026-09-10,human_review,approved,False,
