award_id,application_id,household_id,award_amount,award_date,need_category,outcome_followup_days
1,80,127c546c-5d91-4950-bd22-51a3379f5e4b,168082.12,2024-10-16,food,
2,105,8bbcab28-9288-457b-b3ac-bc9fc5757469,131367.62,2024-10-27,rent_arrears,
3,81,9914b49e-29ef-42d4-bdd3-3613b2c7e688,191983.45,2024-10-26,food,
4,3,da2cd82d-866f-43ce-b905-9eda15eae38a,162649.33,2024-10-16,food,
5,71,475bf2c2-42b8-413a-b060-8200e74975e0,84497.92,2024-11-14,education,120
6,75,769d8b0c-670b-43fd-b352-79102c5e4f55,105983.04,2024-11-07,food,
7,59,9843aa02-2d5b-49fa-a6d0-9f8e214f8412,144468.17,2024-10-31,education,
8,64,3e6c63a9-3b8a-4986-84f2-070b9dd20614,111137.93,2024-10-24,food,179
9,10,51aa8c4d-85f4-4045-9368-9dba222bbb12,145892.62,2024-11-15,education,
10,52,96ae4a73-bf17-4ded-a761-ffefb5bb375d,81341.82,2024-10-17,medical,232
11,7,6f713016-fd98-4299-8904-2d710a686578,159817.13,2024-11-01,food,128
12,27,2a69dae9-456d-4fa6-b71a-2830d26184d7,161333.56,2024-10-20,rent_arrears,
13,18,86752075-a31f-4d6b-8031-7d07cc811f1e,54574.37,2024-10-21,rent_arrears,
14,106,c1a3b4a4-a0d5-4205-801b-11161dd4fe60,163108.29,2024-11-03,education,
15,50,5eff645d-b6db-4581-9855-b737fda91a92,80113.87,2024-11-04,food,
16,42,17b16840-c161-40b1-ba1e-3e64f3c704e3,107886.33,2024-10-10,education,
17,16,3512d89a-94fd-4691-ac11-bd290017baf7,94769.45,2024-11-19,childcare,78
18,119,fab279e0-a074-43c5-88aa-5f07802c7f90,65762.09,2024-10-07,other,
19,53,a8dba2d6-dd47-4ce1-aaa2-58a3dbbadb6e,56128.21,2024-10-15,rent_arrears,
20,87,9bffdfdf-fd1b-4d20-9ccc-8830c153358e,123507.28,2024-11-14,education,81
21,11,c50df886-0d5b-4441-91fb-8685767e266d,43046.48,2024-11-01,rent_arrears,
22,126,6d38da29-b304-40c8-b5b0-21058b6df63d,71422.61,2024-11-01,medical,
23,89,8cf50098-016a-43e2-8790-23ac2c355a7b,107248.4,2024-11-18,food,84
24,63,0837e23d-50b0-47d1-a69a-f1c0ba2727ce,53857.12,2024-10-06,medical,162
25,1,76ce357a-9558-4a78-b57f-2e398e3b0155,87123.62,2024-10-29,funeral,147
26,25,8573309f-c3aa-418a-816e-966bf1d9ccbe,92033.47,2024-10-29,medical,
27,85,c8ba79c7-6701-43a8-8b9e-9b9c10a1cb98,43142.88,2024-11-02,childcare,
28,93,b90feeae-ac24-4494-8404-391446d42a36,44704.52,2024-11-14,medical,
29,188,4599c77d-e3c2-4daf-ad23-285ef57b952f,120542.22,2024-11-23,food,
30,235,57048f2f-36a0-4042-863e-309e6d959fe6,116485.55,2024-11-09,food,
31,176,690c4bd5-90eb-49dd-be46-d4ee9106e312,175904.7,2024-12-11,education,106
32,140,659c3f35-7a77-4ca1-b9b3-0466585f6e81,122330.31,2024-11-09,medical,
33,155,a96ef49d-a2ca-4527-9e37-14bab9ee2d71,139232.4,2024-12-10,utilities,154
34,191,99d618b7-67c6-402c-bcfa-d8907c59480f,125135.71,2024-11-21,food,
35,196,2d019174-8286-42db-a78d-f37b97319af7,92638.59,2024-11-09,medical,199
36,181,94278d17-88aa-4770-8205-14c37e18ae0c,81051.43,2024-12-08,medical,
37,145,c1391ec9-5b56-4df5-b432-5e0e042bcfed,117400.22,2024-12-09,food,
38,149,2e4d296d-ec87-498d-978b-6811d3366c6d,60731.59,2024-11-20,medical,
39,178,5eff645d-b6db-4581-9855-b737fda91a92,63573.72,2024-11-21,food,
40,164,e287dc60-9115-426f-8841-f7ca8546e4d2,58712.24,2024-11-25,medical,161
41,216,6c8abf4a-ee59-4bed-93ba-97c126ead76f,53992.31,2024-12-06,food,
42,199,bd95e830-cff5-45c9-98b3-9cfd3bc744cd,47650.06,2024-12-09,medical,
43,230,368700e8-0cc6-4544-b0b7-4f8c86e6aed4,54210.49,2024-11-24,food,
44,198,8e3aea17-d526-4ee5-a53d-b0cde790b7a9,38941.24,2024-12-08,medical,
45,180,324b15aa-c0d9-49f1-9555-17611ab4a5e9,36675.42,2024-12-09,medical,
46,211,9187f719-1135-479a-a6b3-ed0ca4561d75,91563.16,2024-11-29,utilities,
47,210,1426b0b7-1950-454c-aed4-f6105af7482f,93179.11,2024-12-17,other,
48,137,86f1e2fa-3ca1-470a-b863-c415ebe45398,80232.71,2024-11-21,childcare,86
49,158,408535d7-759f-452a-b399-7e5dcfa5bef1,110363.96,2024-12-03,medical,
50,238,cde7d14c-afa5-4927-b422-064abc7252ca,77518.62,2024-11-20,medical,
51,226,f75936f2-01a9-4121-910b-0d1fab4d3a29,27263.21,2024-12-02,medical,
52,222,b83779e8-82a1-4647-8085-3cf441be680a,63719.06,2024-12-03,childcare,
53,207,c93e06c3-3232-4b11-b12e-f82fe9a31a86,76364.43,2024-11-24,medical,
54,237,5edd5475-be57-4f9b-9767-434174918cdc,41343.89,2024-11-21,rent_arrears,84
55,175,82e033a7-29fd-4d61-95dd-aa1087869ec2,68105.51,2024-12-03,education,
56,157,8a2942ff-7a35-4a93-ab1f-549f29be2e8a,71655.02,2024-11-24,food,234
57,239,bdbed95b-9e98-42fd-8ca0-92d147c086e4,40584.91,2024-11-30,medical,
58,219,868a53a8-2b23-4877-ba40-f430be998e51,91275.56,2024-12-15,rent_arrears,
59,160,1b95ee69-4d44-4f66-b4c1-a100c7163067,30725.5,2024-11-29,other,92
60,163,19f70c6c-02b8-4a09-9fd8-75fdfaf7ade1,50215.38,2024-11-15,utilities,235
61,177,ca27d816-99c8-476b-94c6-9cb8a7d093e8,59510.99,2024-11-28,food,187
62,206,6c922600-40b3-45b9-b8dc-e91ff9f20bde,47512.4,2024-11-25,rent_arrears,
63,200,65f2bed5-0fe5-4aea-92cd-ec0466abd280,76401.32,2024-11-29,childcare,
64,212,cc2ed838-3117-467f-b2e3-e09b77859ae1,72428.01,2024-12-01,food,
65,189,b766ff66-9862-4d2c-9bcd-11277d33c00c,54982.52,2024-12-13,food,
66,169,fd532e39-f086-4953-ac03-deecc698136d,72034.23,2024-11-13,food,
67,231,e35f9e86-3e29-408b-a0e8-ed5c60e2d1e8,22787.51,2024-11-23,food,165
68,135,d72e8c49-72ef-40ac-bf0f-a517bee4a8a2,46610.57,2024-12-05,food,
69,159,015e8241-5faf-489b-93bc-43d24fba6cbc,17064.31,2024-11-30,medical,
70,172,de8dbb07-3899-45a8-89fa-32fd4e3e861f,73136.68,2024-12-05,funeral,96
71,209,710a416b-038d-4e85-9b4b-b1f4afba3f0a,24640.51,2024-11-28,food,191
72,154,66f1cf22-2a4f-4b4a-a573-f29601c539b8,75938.54,2024-11-27,other,
73,171,ac2496a7-e674-4d20-8938-53106b613482,27099.91,2024-11-14,medical,
74,192,d6971829-dcf7-45b2-88ce-2af0957c9252,49596.83,2024-12-03,funeral,121
75,190,48fc8781-8755-4790-aa0f-ca33ccec213b,50742.75,2024-11-20,food,227
76,203,8a961cd4-d29a-4c3d-8a74-0c491c506047,50539.62,2024-12-10,funeral,
77,168,1c56b0ee-8337-456a-82df-22280db613e3,51438.75,2024-11-28,childcare,
78,236,eb8ce31f-27d0-4d74-b8e4-407291d92ead,65453.0,2024-11-16,utilities,
79,205,e0eebd79-4eb1-4a56-b2f7-6b35a9702a9e,11828.69,2024-11-30,utilities,
80,349,662b5849-ca7a-4dca-af24-63d5cd4cb2aa,186101.16,2025-01-12,medical,
81,306,283ec8f7-e6a4-4561-89c6-c2efc0453abb,114548.58,2025-01-12,medical,
82,286,c8cab8de-16ec-4a45-b9a4-57ca12d0a065,204444.54,2024-12-23,childcare,
83,256,9542c2e9-8a85-4063-8460-a0ffb6815a9c,96751.59,2024-12-23,medical,
84,365,b57938d5-af22-4c05-8b26-61dd5a8ee9bd,69467.21,2025-01-12,education,81
85,317,ccb9581b-3369-47d3-9998-06bf7cbdd645,144292.21,2024-12-17,medical,
86,360,bbe8d7d8-731e-4588-87b2-0f0ca23f1154,69057.24,2025-01-02,food,
87,245,03282506-9af5-4a85-ad4b-d306b6db654a,107539.35,2024-12-16,childcare,
88,272,c4b4c2a3-4547-4714-b1a1-beeaae6e3f85,117373.72,2025-01-11,medical,203
89,304,22b0d03d-c4b8-4876-8860-43df064a7d58,77767.94,2024-12-22,medical,192
90,288,dae14b5d-f0bd-406d-b999-daca85529225,55273.66,2024-12-22,funeral,
91,290,0bf8b7cf-c6fe-4f05-8b81-eaa7b5f0a135,98301.15,2025-01-14,food,
92,367,e9ec1574-e5f4-4d35-8309-09523a7192dd,68410.35,2024-12-27,rent_arrears,
93,330,069bd3b4-47fa-4e98-99c1-28c2567c4817,51250.0,2024-12-16,funeral,206
94,296,a5431b04-7203-4b2d-b459-bf5ef2c670af,53266.2,2024-12-12,other,116
95,275,6a4e2802-afd9-4566-8a05-67ee0729fac0,94206.58,2025-01-06,medical,
96,300,5adda275-bd0f-472c-ae1d-f79889e529df,41549.6,2024-12-13,food,
97,298,7c9ad2d6-af3b-40f7-9fcc-ca4d09fe8c27,96776.76,2024-12-15,other,
98,287,529fddd5-3769-49f7-8e92-bb963e88f256,134596.04,2024-12-20,food,
99,293,c715831b-a518-419b-8a71-bf1027057a66,58007.49,2024-12-23,other,65
100,341,54c4c558-f1e8-40b7-8382-456689d9d2c1,101183.24,2025-01-10,food,
101,321,24e89dae-23b9-4bb1-a1d1-3b97c675fe19,68404.68,2025-01-01,childcare,
102,257,0e14808a-2c14-4cf0-a63b-482cd6258079,48177.63,2024-12-26,utilities,221
103,315,06b39a0c-105e-4cdc-9fd5-62b97ef15438,56763.7,2024-12-22,food,
104,324,11918972-ade4-4622-a8a7-924115474464,56273.74,2024-12-21,medical,
105,354,1541daee-8016-450c-a39c-4c8d84a9bd90,97991.15,2024-12-16,medical,211
106,241,c75f9de4-87a9-40b2-9868-97da4d74835a,100285.91,2024-12-20,education,
107,313,bd5bd9d3-c7e5-4e82-a645-090787183ad8,80648.37,2025-01-03,medical,140
108,320,a5d93c63-c6f3-4e40-a2ac-b7564f527eb9,31127.1,2025-01-10,medical,
109,372,72a879e3-586c-46e4-84c1-187740faca93,60471.23,2025-01-02,utilities,232
110,316,5d5f2885-2bcd-4b2b-9730-af82d078d6bf,103080.03,2025-01-04,utilities,
111,312,e1b69a6b-8182-44c6-ac5c-ed30aa667097,60257.01,2024-12-30,medical,190
112,327,2e0387f6-167a-4430-957d-37d39fc2812e,45482.42,2024-12-27,medical,
113,276,64fa8295-2dc1-4dc8-a4c7-713c6d6644b4,47133.4,2024-12-10,childcare,
114,308,21f0c540-e745-4fbf-8186-1426b42e3050,53830.31,2024-12-30,childcare,193
115,332,5cfecaef-61a1-40a5-a458-95a6e1da2f0a,88349.31,2024-12-14,education,
116,325,3344fa84-842f-49cf-8269-9a2483f0be86,6351.67,2025-01-07,other,
117,261,07f1073c-5604-42c2-ae14-54d23e3effb9,2889.73,2025-01-12,rent_arrears,
118,409,40eaa3fe-5130-4457-9bd8-c75c684b24f0,189054.81,2025-01-28,medical,
119,480,898c8b49-9f74-41d7-98b8-512f9fcf3d47,97181.02,2025-01-27,utilities,162
120,421,9a530c77-677a-4878-820a-cd20d60b8421,207599.67,2025-01-27,rent_arrears,
121,391,0d988dff-3a9d-4764-ab4e-de173bfd8969,117927.28,2025-01-14,other,
122,388,460d37b3-d2f4-4df4-a4f8-e5534af87a8b,200994.93,2025-02-03,rent_arrears,
123,508,57048f2f-36a0-4042-863e-309e6d959fe6,152430.99,2025-02-01,rent_arrears,139
124,375,b0d3e4a6-c50a-427f-baa1-98f205315fb0,62134.14,2025-01-23,medical,
125,401,df86b96d-5ee1-4250-9d88-31937234462b,141539.53,2025-01-17,education,
126,487,346ddc27-db70-4195-9ddf-705cc946d2e5,127095.01,2025-02-12,utilities,
127,416,4ca01c50-49a7-4f7b-b953-c08e35a9059d,102734.74,2025-01-21,other,179
128,450,dd64969f-7095-43cc-aa62-906d2bd0de9c,136556.19,2025-01-13,food,72
129,383,2634854d-747f-4bc1-9460-700da4546e96,69477.15,2025-01-18,medical,
130,404,14f10f82-3d07-4cea-adb7-2cff00878fb2,110572.15,2025-02-07,medical,
131,500,a85946eb-d6fe-4797-aa0d-1c8bf7618578,66026.16,2025-01-19,food,
132,513,21ebe318-f3a8-4dd2-8c56-139ce0976070,149988.85,2025-01-16,education,
133,423,f264d0d2-dea7-4b3a-87ff-9b886204e875,56693.68,2025-02-13,food,
134,452,8cf9d5d0-a21e-4070-9b2c-dc60be40edf9,106208.98,2025-02-14,food,236
135,445,07b73d45-4277-4f7a-8c0a-773a94a32452,119730.73,2025-01-29,medical,
136,510,07acb9e6-2e84-4387-872c-64fba2f8c369,122062.31,2025-01-23,other,
137,399,2e4d296d-ec87-498d-978b-6811d3366c6d,104545.38,2025-02-05,medical,84
138,436,687c6f31-088f-4c85-b055-cf11e53ebe48,74824.35,2025-01-14,education,227
139,492,c5ce371c-bb84-44c3-8e6c-f5abd1c5e030,111071.19,2025-01-24,medical,163
140,412,17cf83eb-8606-42be-8dc0-e7ddd1794173,53917.65,2025-02-03,rent_arrears,
141,485,9187f719-1135-479a-a6b3-ed0ca4561d75,83595.43,2025-02-06,food,
142,459,7855c362-657b-4b1c-9c73-5c1f47c15c42,80070.18,2025-01-29,medical,198
143,494,39769e68-dd46-4bc8-93bd-798b3518fb1d,31465.13,2025-01-23,other,
144,475,86938ac7-dea5-4ac0-a29c-260266017975,58928.11,2025-02-12,medical,
145,387,9879305b-1dd4-4e70-904a-2c7ede35c002,55884.89,2025-01-28,food,
146,468,25640ae6-ada5-44c8-a23e-f558b1166430,118405.73,2025-01-12,childcare,
147,413,c98d0839-f34e-4664-9da8-df2765523f9a,107442.46,2025-02-09,education,
148,380,6a4c2c7d-66e6-4ced-b567-e7ed28d29030,49194.65,2025-01-21,food,
149,422,fd375c0b-1b01-4744-b58e-476a91dc01ae,50497.0,2025-02-12,utilities,
150,425,735a6bfc-e03d-499d-8b42-57c129bfca5a,82970.87,2025-02-01,childcare,
151,507,79834d18-48ff-4b8d-bba6-20e129a1e50a,64588.55,2025-01-26,medical,
152,400,17550dd3-cc33-4eeb-bb21-ad2090d70444,28916.56,2025-02-08,medical,198
153,498,f9a33e53-a8a3-48a7-9340-f2bb711673da,26582.59,2025-01-31,medical,238
154,511,26d980f6-fb94-421f-b304-7d3ea537a08d,21452.12,2025-01-27,funeral,
155,664,84596c4f-c55e-4bbb-afa3-cf538599ac97,233363.93,2025-03-09,education,
156,616,769d8b0c-670b-43fd-b352-79102c5e4f55,117506.94,2025-03-07,utilities,
157,619,9ccb51c5-c815-449b-9c5b-643c1ebae39a,60100.87,2025-03-15,childcare,
158,608,ccb9581b-3369-47d3-9998-06bf7cbdd645,188933.94,2025-03-04,food,
159,654,c1a3b4a4-a0d5-4205-801b-11161dd4fe60,144780.72,2025-03-01,food,
160,677,f682ebf1-eda7-465b-a6a0-c3c1370172bc,67080.87,2025-03-08,other,
161,675,253a715a-1928-4420-b166-3e1e0f5fdc73,126638.28,2025-02-21,medical,
162,546,034bbeea-ccc6-4d94-8956-24495003916b,95897.32,2025-03-06,childcare,62
163,650,7530355d-d91b-461b-8018-61d9e07b1cd0,60363.06,2025-02-13,medical,130
164,571,7e688d62-374c-4666-93ce-34d00d046af9,156681.21,2025-02-22,funeral,
165,603,d1c7f04a-b1ad-4690-a6f2-a230b1478cfd,105258.95,2025-03-04,food,
166,602,d16aec7b-f72f-4f8c-bcf7-775c98c9d01a,114994.94,2025-02-26,funeral,
167,536,0e14808a-2c14-4cf0-a63b-482cd6258079,67277.7,2025-02-20,medical,
168,614,3c324400-37d1-49d0-b8fe-6743fd73ec48,74046.63,2025-02-11,rent_arrears,199
169,578,529fddd5-3769-49f7-8e92-bb963e88f256,102538.75,2025-03-10,rent_arrears,
170,641,13d97130-55f8-47f6-9c42-3dfafa13f4d5,41200.06,2025-02-15,medical,
171,530,59df16e1-b8a9-440f-8f49-8b72ae6190e7,109773.04,2025-02-17,food,83
172,567,e5cf8b94-da6d-4135-84c4-a4e16e1e2748,78641.09,2025-03-12,rent_arrears,
173,553,0bbe6458-bc36-4591-9cdc-78a591e9e620,66898.82,2025-02-24,education,108
174,622,1b155e6b-5bfa-430b-8f87-b30c344d77ec,62842.54,2025-02-18,rent_arrears,
175,646,143ecf0e-0804-4a20-b19e-0bb2a82d2f42,57088.04,2025-02-27,medical,
176,529,efa4b5b0-7586-4143-8dc1-d48b0bd91e0a,51066.26,2025-02-16,medical,
177,647,e18da7e6-ba41-4f28-82c0-4e5a58051a27,84392.14,2025-03-05,education,84
178,561,20b54e4e-4064-4e4a-8bcd-ae7f250b71e7,61434.97,2025-02-27,medical,198
179,626,1f64b322-e58a-43a9-84df-2dd27fd4054a,86107.49,2025-03-02,medical,
180,556,408535d7-759f-452a-b399-7e5dcfa5bef1,40536.04,2025-02-11,other,
181,678,673a4ce1-c684-459c-9184-28cefb8d44a0,96173.78,2025-03-15,rent_arrears,226
182,635,c47ec71b-a982-41ca-951a-9ccf37d2756c,51761.81,2025-02-24,food,
183,636,c23992fd-fe2a-4a8d-9435-e1547eda8ae5,33718.2,2025-03-08,food,77
184,547,66f1cf22-2a4f-4b4a-a573-f29601c539b8,99756.96,2025-03-05,utilities,
185,537,bf2c6a01-2bf8-4043-afbb-6bd1b1002b56,37911.99,2025-02-21,medical,117
186,651,6c8abf4a-ee59-4bed-93ba-97c126ead76f,107768.89,2025-02-24,rent_arrears,
187,599,dc0f6719-3866-44bb-99ca-077378f9e25b,65947.45,2025-02-25,education,102
188,628,33e04e40-96c3-4094-8c55-572631decd7f,87289.72,2025-03-06,medical,203
189,591,19fe051c-8942-42d8-b4e7-7a8bc2d5f8a6,61738.67,2025-02-24,education,81
190,585,cf184acf-6425-4c88-98a7-8fefe4365bb3,34022.25,2025-02-10,education,110
191,666,5508116c-891f-41cc-825c-04bac2ecb287,32093.43,2025-02-11,medical,
192,580,d8e26229-1bf1-45ad-b700-fcc6c56a48c1,69297.12,2025-02-14,rent_arrears,187
193,526,e0fbe372-91a4-4954-9e77-18a51d2f71ca,55062.88,2025-02-28,education,
194,515,9e3c62cc-14c4-4242-ba65-0c1f94149f58,34378.58,2025-02-26,rent_arrears,
195,548,7cb79ac9-e831-4e39-8d1f-5155da8403e8,28768.69,2025-02-18,food,83
196,660,e65ea893-d963-4267-be9c-fbda36dce66a,27009.01,2025-02-20,other,
197,521,feb7ce7c-a1f8-48c8-99a4-b54f62815f65,37760.05,2025-03-13,food,80
198,519,04f124d5-72af-4bc5-bdec-bc0205778393,21632.68,2025-02-25,education,217
199,676,f8c918df-cfb7-4c94-830c-1a90691755d6,3000,2025-02-26,other,
200,771,4e086344-8ea1-444d-b7a3-4fcb837d2c15,215380.22,2025-04-06,food,
201,768,806347d2-60b4-44a1-88ef-4627bf024553,78546.63,2025-04-13,food,180
202,791,99d618b7-67c6-402c-bcfa-d8907c59480f,165255.33,2025-03-19,medical,
203,792,1f76f3bb-91e3-43e9-b71e-b654e6cadb89,158323.61,2025-03-31,utilities,
204,854,07acb9e6-2e84-4387-872c-64fba2f8c369,158956.89,2025-03-13,medical,216
205,686,6f713016-fd98-4299-8904-2d710a686578,63113.09,2025-03-29,food,
206,849,8f158f61-fe2b-4a02-b59f-9c6204c97944,55695.04,2025-03-24,food,
207,703,86752075-a31f-4d6b-8031-7d07cc811f1e,68058.64,2025-03-16,medical,
208,705,7233faf0-9f43-42ca-914e-abcf2a5e4249,120451.74,2025-03-31,medical,
209,693,77738227-72cf-47cf-8517-30f8cb8bd953,48306.76,2025-04-02,medical,
210,757,d8c88bcf-bdc1-4c57-a96e-9321d1bff145,77601.06,2025-04-08,food,
211,846,94e8acb5-1f62-4e8a-9600-c951c352d6f4,80190.16,2025-03-28,utilities,170
212,707,f6454fdf-8734-45b0-84e8-e12a0350b683,142313.79,2025-03-12,utilities,
213,776,c8be0505-c773-476e-b47e-0ef4e69377d9,144756.84,2025-03-25,medical,104
214,712,814c73ad-1853-4c11-8d98-224c625384a9,67059.82,2025-03-13,medical,
215,760,a5431b04-7203-4b2d-b459-bf5ef2c670af,57146.87,2025-03-25,food,
216,834,7efb4df1-58b8-47cd-9dec-45bef06a85fb,138058.58,2025-04-20,childcare,
217,756,4e12d3d5-91e3-4067-ab09-92815c801a20,111208.02,2025-04-03,medical,
218,737,576984f1-13f0-43e8-8a09-c23bdcfaf5eb,62920.77,2025-03-11,medical,
219,697,1edf5007-5872-4d04-b7ad-1a71d07623c0,42155.55,2025-03-21,other,
220,736,4082f5fe-7ff1-4dae-967c-41b41669d17b,103499.37,2025-04-13,medical,183
221,850,79834d18-48ff-4b8d-bba6-20e129a1e50a,83545.13,2025-03-16,medical,
222,797,d3bcaca1-d459-4969-b794-59818bfda2a5,48626.58,2025-03-24,medical,
223,734,c45d367b-0db4-4c23-b678-261d9b505f79,83629.21,2025-04-07,childcare,
224,816,1fa791c6-75bb-483c-8f10-a75742489104,54339.34,2025-03-27,childcare,
225,759,687c6f31-088f-4c85-b055-cf11e53ebe48,69404.59,2025-03-15,education,189
226,812,8047c808-f4f7-4342-913c-a6af7299abb7,36895.92,2025-04-17,food,
227,824,b633d32c-1478-41c6-af9b-ce76e72fa26b,109995.73,2025-03-13,other,222
228,848,2becad44-5a1d-4df3-b453-9274268a505f,68683.69,2025-03-17,food,
229,821,9b976124-a59f-420d-b0d1-905c3f64c5e6,46600.4,2025-04-02,education,
230,716,8573309f-c3aa-418a-816e-966bf1d9ccbe,66893.0,2025-03-13,medical,
231,783,884e0456-1319-4f2e-a9a9-5efc6572d254,63304.62,2025-04-07,other,91
232,689,2d01d9f9-cc89-48fe-a6ca-264bfff46e8e,115237.64,2025-03-06,childcare,
233,728,dba3ba1d-bdc7-40c2-84e5-4e9a2a21b0d5,109313.03,2025-03-31,rent_arrears,
234,856,3b0f1486-1996-45d3-bc33-6e25dd516eed,83103.91,2025-03-26,education,
235,780,e9324154-09de-4ad8-acaa-a8d10aaf00de,77027.24,2025-04-01,medical,
236,789,b2b20ba7-14a5-4529-af63-7a6b8ac44e71,83343.18,2025-03-12,education,197
237,837,b7545d8d-217d-45d3-982a-9926876841f8,53508.6,2025-03-26,medical,212
238,800,1632ba35-6a2f-4c17-adf0-b17c2dbcbdda,59526.59,2025-04-04,other,
239,701,ac90677c-6584-44b8-a19e-e19f93c36d9a,58434.4,2025-03-17,utilities,
240,835,c9f147e5-4d9f-4522-9029-86e41edcd381,50746.04,2025-03-21,medical,
241,753,c47e56c6-cae1-4669-8603-ae39455a4bb2,17997.67,2025-04-02,medical,
242,832,13b1276d-d36b-4f99-b800-26e37322e560,3972.37,2025-03-20,rent_arrears,238
243,814,4ac73336-05da-4f55-bf29-de19730074dc,22512.82,2025-03-18,childcare,
244,937,563ee510-cae7-4fbb-a0c5-970808982c60,166927.61,2025-05-10,other,
245,885,eb97169e-d7fe-4f44-add0-33bdecb205d1,115664.26,2025-05-09,utilities,
246,966,4d3548e0-8030-4ff2-9c35-5af23364aad9,177195.78,2025-04-27,childcare,107
247,1036,7270fea3-96f3-43b0-9f4d-ceebb907b69c,59643.86,2025-04-27,medical,
248,1046,51c307ea-36c4-42f5-b340-3cf01900af62,68723.89,2025-04-25,food,
249,1016,bc204eb4-7658-4163-80a5-9cdffa764850,184300.23,2025-05-10,rent_arrears,
250,1054,762acabe-fe05-4408-a46e-4718ebf03e77,66761.81,2025-05-09,food,
251,1053,8a20dfff-a4bf-4cf3-b69a-038a8c0d37cd,110018.29,2025-04-20,medical,
252,920,f61c1a4e-7c82-40b1-a969-2c3e9968ce76,71821.76,2025-05-05,food,
253,947,2abdaeb2-eb7e-4f8b-b7ab-82bcc050ab9d,79548.2,2025-04-30,rent_arrears,
254,979,b2a7f1b3-16f6-49ec-a40d-a4b13a939e8a,77989.82,2025-04-04,childcare,
255,912,a251f054-2f91-49bf-8442-36e0f4bd2ede,73875.4,2025-04-26,childcare,89
256,958,3e6c63a9-3b8a-4986-84f2-070b9dd20614,100331.04,2025-05-02,rent_arrears,
257,998,04cf41f0-9e01-4507-856f-c81169f94f33,112253.51,2025-05-16,food,
258,871,86f1e2fa-3ca1-470a-b863-c415ebe45398,80819.41,2025-05-16,medical,134
259,892,3c5d7fab-ec45-4726-9f2d-13cb4920f7b3,119233.75,2025-05-01,funeral,
260,986,b955f9c1-a8f4-4105-8c7b-87d99e3eec85,117055.2,2025-05-04,medical,
261,874,f0ed5e68-576d-4f76-97cf-54ec43541d90,63259.83,2025-04-30,food,
262,946,2b2ed90d-e308-4d63-ba91-1d56ea244e87,40498.19,2025-04-30,medical,
263,980,517e6cf3-a412-4cef-9546-aedd89264a7d,39842.15,2025-05-10,medical,
264,1009,b2f2438b-3672-48f6-86b4-92af6fb3594c,120997.78,2025-04-25,other,
265,875,e9f2643b-a583-4b86-a9e9-a1caea4e1eb3,94985.95,2025-04-10,food,
266,949,7b0bc098-dde0-48ce-ad0c-f9a1a00efb85,126505.29,2025-04-22,education,123
267,1021,1e0c2a5a-2762-4414-bb6e-e25abdecb393,107649.99,2025-05-06,childcare,
268,862,76ce357a-9558-4a78-b57f-2e398e3b0155,148266.07,2025-05-13,funeral,
269,901,444d12d9-8f8c-48c9-84c3-4a4985780249,61271.82,2025-04-17,education,
270,1010,6b859347-2a48-4c58-b588-89534586eadc,46794.43,2025-05-07,rent_arrears,
271,893,f0949212-af2b-4b5b-8db1-ce0605309f0d,74148.06,2025-05-06,food,
272,953,147f628f-de54-4108-b7d4-29cb9fda99df,107086.01,2025-05-05,medical,
273,988,9e27f73d-ff5c-4c0b-afc7-c1561999fee6,38525.71,2025-04-24,food,116
274,1006,2274990b-51c9-48f0-931c-e8bb5a942658,79375.07,2025-05-11,food,
275,1040,8fa0b732-a24a-41e9-8c69-e057918e8232,107065.23,2025-04-22,food,
276,1045,a5046067-54ac-441d-9d1f-1ef2ccc6cd85,71053.14,2025-04-07,education,
277,1024,6e7254f9-b6eb-4115-a754-70cd9e5e049d,66705.2,2025-04-16,utilities,
278,991,9a65a516-1f99-4e9e-88f1-b365955915f7,60565.96,2025-05-02,food,
279,1019,0b566e0b-4e9c-4218-a5f0-7cdf71e34ab5,46033.33,2025-05-14,food,
280,933,d6147d03-c759-4925-bd55-b36bfbe86932,64326.53,2025-05-01,education,190
281,984,c82cd7e2-b0f1-40e1-ada3-fb33bd129dd6,104391.36,2025-04-26,food,163
282,900,60043468-6117-4b4a-acbf-8ff6d0a7a86b,40726.43,2025-04-22,medical,
283,1038,13802b29-ea1c-46fd-b38b-f7370112fe54,51692.98,2025-05-06,education,
284,974,733f5570-9e36-400e-bfb0-62b3e3fb9ba3,62313.88,2025-04-16,food,
285,951,e3afe4df-a109-46a7-addc-4df64554d499,59049.01,2025-04-24,childcare,
286,1013,7023269f-3fbd-41dc-8f5c-1fa0da5cfaaa,38934.4,2025-04-26,rent_arrears,110
287,931,dcb169ea-aae2-49e9-b8eb-2756aef54eaa,2695.59,2025-05-07,food,
288,1017,f21c8d60-a3e9-4fca-ab82-7a01b20e4dcf,2524.69,2025-04-10,education,139
289,1081,1eaeefd7-43fa-4a70-814a-ec9603833926,227960.89,2025-05-21,food,
290,1170,475bf2c2-42b8-413a-b060-8200e74975e0,220325.27,2025-05-12,food,
291,1211,1ed960af-ad5a-421a-9112-40f553cd70d4,196199.66,2025-06-06,food,
292,1160,04b77ba3-cf9c-4afd-b562-613cc769d0d0,164307.59,2025-05-31,food,204
293,1095,a4001cd7-830e-4c5a-aa56-3feee089b92d,58881.39,2025-05-12,food,
294,1229,2a94350d-9ad0-4add-b89f-f0d1caedf651,81086.5,2025-05-31,education,112
295,1061,db6cb015-fbc4-4cba-9313-1911ace4d9de,135696.1,2025-06-14,food,
296,1179,9ccb51c5-c815-449b-9c5b-643c1ebae39a,140596.65,2025-06-15,education,
297,1079,a562be28-2ae9-490a-bce6-efa67e9faac1,167262.17,2025-05-23,food,
298,1180,efd368d2-5426-4e6f-943c-a6210aac50ae,101196.95,2025-05-22,education,
299,1237,d952a20f-bc11-457e-bcc1-83d983cc6126,100389.71,2025-06-12,food,218
300,1172,a61bbec1-bc86-4a78-afa3-e75816848407,87277.37,2025-05-17,medical,
301,1184,db4f85bf-45a1-4b79-8ee3-d972a8dc4a6c,93160.59,2025-06-01,food,
302,1083,ee2fae7b-6abe-47ff-af58-7bc0317e9c5e,125684.63,2025-05-14,other,
303,1183,0c36a2da-f57e-4147-8103-3fd792c8ffdd,141927.54,2025-05-23,food,
304,1093,53e36cf7-2478-4244-8e71-7b665b4125aa,51811.59,2025-05-27,medical,
305,1258,0ca99fc3-2211-42a4-a67b-ce2999014b41,121163.38,2025-06-05,rent_arrears,77
306,1148,7a5cc3d4-39a2-403f-8581-a10e7bbc56df,92696.46,2025-05-30,funeral,185
307,1128,fa45f754-21b1-41bd-8910-1a0809c326c5,89141.37,2025-06-03,rent_arrears,110
308,1125,1a27738b-c384-4838-9938-38a3ca7a064c,136900.58,2025-05-17,education,
309,1108,e209b539-d479-4a43-a52e-7afa761b6f4c,125543.07,2025-05-25,education,
310,1116,b78d384d-6e88-4f14-bbe9-310e3a2decc0,95429.56,2025-05-22,medical,
311,1218,eb33a26e-5b86-4c4d-ab67-5102ebd4686b,83062.01,2025-06-10,education,108
312,1228,170503c2-7e25-4b68-872a-fbd801651311,108610.7,2025-06-10,food,147
313,1224,8b84b10b-9b07-48be-af80-10882739b04a,112267.29,2025-06-10,childcare,
314,1136,ce028833-6c4c-4a91-905a-da50d2603412,43642.28,2025-05-26,food,
315,1107,04e11bca-4ecb-466d-acba-508f01d4a08c,56632.28,2025-06-07,education,
316,1111,5b554355-a782-4df8-a7d1-4c6a36d327ec,37118.03,2025-05-20,medical,195
317,1163,12b3a7d5-4802-49ac-80e9-f0e02aeeae3b,106440.23,2025-05-23,medical,
318,1262,93a5949f-0df6-4f66-a4f4-c9e556091ee1,73520.54,2025-06-05,food,
319,1192,da44c51b-d6d1-47d7-a8d1-6b3d1e32389e,32296.73,2025-05-09,food,
320,1203,4ba279f0-e732-4272-a080-05db6495390e,76724.1,2025-05-17,funeral,125
321,1123,f41f8299-b53c-484f-9689-1449e2e7021c,26965.51,2025-05-29,medical,233
322,1101,04ebb3c7-f1e5-4529-9865-db5900e2410b,2652.83,2025-05-27,utilities,
323,1140,1220a361-43a6-49f9-941c-44a5809a07dd,4966.34,2025-05-30,rent_arrears,87
324,1153,da2f61d5-cc9b-414d-9f5f-11dc7e481b88,6168.27,2025-05-27,other,
325,1221,6c5ea32d-7181-4fb2-90af-b4565d1a02c0,2510.11,2025-06-02,food,
326,1316,a6612c6d-ecfc-4db1-91ac-8195e0435d91,207869.62,2025-07-20,food,
327,1321,b77e9b87-8d06-4c49-a78d-42b5af42873a,108906.55,2025-07-10,medical,
328,1350,7e688d62-374c-4666-93ce-34d00d046af9,110318.85,2025-07-11,food,
329,1433,19b22fde-52dd-430d-893d-c11f3d08f204,131699.47,2025-06-30,childcare,105
330,1441,697a8310-49bd-46a7-98ff-04541c7d11fe,204147.43,2025-06-26,childcare,
331,1327,554fc2da-0be1-4b8b-8ad0-1819169023cc,134739.73,2025-07-08,utilities,
332,1447,1f946bd2-effb-44d5-8c19-ef77178ba391,123627.01,2025-07-07,funeral,
333,1401,9ccb51c5-c815-449b-9c5b-643c1ebae39a,102947.78,2025-06-22,utilities,
334,1293,3fa0165f-38c9-4587-94a3-9732b1aca934,124837.05,2025-06-30,education,125
335,1394,3c650d65-7f3e-4508-9199-79da8409138f,117354.67,2025-06-24,education,
336,1324,8664dd16-80c0-4442-9957-d7904d42e853,107632.68,2025-06-27,medical,
337,1419,62ff428e-e425-4fa4-95c3-75854d84f7fa,66491.0,2025-06-27,education,
338,1294,a39dd6fa-386f-4244-b27e-b4b3b6eb3783,76045.13,2025-06-09,medical,
339,1503,fd07d7f1-9846-468b-8490-7117dd228d8d,70895.96,2025-06-27,rent_arrears,
340,1434,8cf50098-016a-43e2-8790-23ac2c355a7b,47801.27,2025-07-05,food,
341,1343,bc32eada-badc-429f-b8e3-44125189dde5,76592.39,2025-07-06,utilities,
342,1474,db3c6934-62a1-4e5f-ad48-64445f86d209,133608.63,2025-06-27,medical,
343,1344,e287dc60-9115-426f-8841-f7ca8546e4d2,58999.44,2025-07-03,medical,
344,1310,673b32f9-9451-4d94-b119-0007ddb046b9,59830.34,2025-06-21,medical,
345,1466,b633d32c-1478-41c6-af9b-ce76e72fa26b,94436.29,2025-06-21,rent_arrears,
346,1506,0e20b4ee-c925-4eb5-b2bd-5985e65c7c33,73925.21,2025-06-20,medical,
347,1472,02ecf22a-4ade-47d5-9240-526d098d2b23,44762.89,2025-07-08,rent_arrears,
348,1459,c68dc4f1-707f-4f80-a185-f9cdfc97591c,38237.38,2025-07-01,food,166
349,1354,f264d0d2-dea7-4b3a-87ff-9b886204e875,52028.18,2025-06-22,food,
350,1391,5d5f2885-2bcd-4b2b-9730-af82d078d6bf,37981.97,2025-06-27,medical,
351,1397,57d5ab20-0873-4c18-a22e-71d615894acc,89861.33,2025-06-23,other,
352,1323,b26fb7a4-c4af-4517-a34f-eb29f34f8741,34174.46,2025-06-24,medical,187
353,1498,3b0f1486-1996-45d3-bc33-6e25dd516eed,58003.8,2025-07-07,food,
354,1420,a67a971f-96c6-4e03-a887-4f8a2510c96f,111567.87,2025-06-22,rent_arrears,
355,1329,2bfdd45b-971d-4eab-8299-a012e542b65d,87878.28,2025-07-05,food,74
356,1491,c8ad2302-d665-4b13-ba4e-c4f04df2b688,65320.45,2025-06-22,education,
357,1482,082bb423-1a8c-4f81-bf6f-7e381f9b5eba,118496.44,2025-07-09,education,170
358,1358,8fa3e6fe-9e7a-4b45-8fda-e610089a2c99,88970.16,2025-06-22,childcare,70
359,1412,81c33c01-2af2-4239-8cf8-ea9cc57d457d,81559.11,2025-07-02,other,
360,1471,3c4d26aa-9dc9-47ed-a2d8-73c7138cd6e9,67248.81,2025-06-30,education,
361,1352,aa054537-5133-4922-96de-263c6a3cd85c,13646.58,2025-07-12,food,
362,1406,f0acb827-9d9e-4b3b-abdb-51258986391e,7060.3,2025-07-04,childcare,
363,1307,a2d15bf6-7cb5-4a6a-bace-5e87e17b0a50,3000,2025-06-24,medical,152
364,1414,12eb1a80-c6de-4121-86a9-4a3e27ab2e07,3000,2025-06-30,education,
365,1404,9d4c9c05-b2bf-4b15-8ed4-4425b70a9bbb,2381.64,2025-06-30,rent_arrears,
366,1728,fe0aa151-c699-4b62-9c8e-0deeb3dc986a,188007.06,2025-07-21,food,202
367,1711,4cc21d1f-f79d-458c-85a3-51617eef99cc,132493.01,2025-07-30,rent_arrears,
368,1611,c261740f-6275-46cf-9faa-cc7057c852dd,218461.34,2025-07-29,food,
369,1596,c8cab8de-16ec-4a45-b9a4-57ca12d0a065,174397.87,2025-07-14,medical,
370,1509,a8e592b8-0169-41ea-9e4d-28f6b4ddd004,140067.43,2025-07-29,other,
371,1562,ce768659-ec79-4265-bde0-9e5dfaa8020e,165779.02,2025-07-31,education,
372,1543,3512d89a-94fd-4691-ac11-bd290017baf7,78398.68,2025-08-08,food,
373,1519,89c5474d-91a9-4c7f-9c5e-6097d405211f,106261.85,2025-07-20,other,
374,1570,2a69dae9-456d-4fa6-b71a-2830d26184d7,82311.56,2025-07-26,food,
375,1602,dae14b5d-f0bd-406d-b999-daca85529225,80270.05,2025-08-04,childcare,
376,1579,23701fff-5290-4d27-82f8-8db8e50472dc,100831.99,2025-08-07,childcare,213
377,1592,2979b0b5-0b4c-44e7-ad4d-bc5184146154,115420.28,2025-07-21,education,
378,1524,f2543af1-b315-4af4-bd58-edd6abb8153e,101182.64,2025-07-12,medical,
379,1617,ee6bd792-2a7f-43c5-921f-6516ad49f29d,44906.91,2025-07-24,food,88
380,1652,00d34f7e-c438-4fff-a5c8-c19dd1fb5eb7,62176.19,2025-08-12,food,
381,1518,346766f7-5eb8-446d-80e1-867a5d1b765f,69719.5,2025-08-15,medical,
382,1539,dba0dad5-87ef-4388-b077-085ac911cc18,75899.24,2025-07-28,food,
383,1713,996b54aa-44e7-4b3f-82f8-cbf7d907997f,94306.87,2025-07-16,food,165
384,1569,aaf827ad-f97c-4749-b4c9-d315567c4907,123480.4,2025-08-09,funeral,
385,1629,707d604e-8c76-40ef-831e-a6f9edcae373,72503.8,2025-07-29,medical,
386,1584,17cf83eb-8606-42be-8dc0-e7ddd1794173,49130.13,2025-07-25,rent_arrears,
387,1689,c0195687-5dcb-40f6-85b5-e5ee82ecd2fa,79079.13,2025-07-18,medical,
388,1748,1a65344e-9436-4272-9bfb-a8d33e1e99e6,122119.37,2025-07-13,medical,181
389,1664,b551eb07-7061-41be-a946-35d42c831acf,42146.58,2025-08-09,rent_arrears,
390,1757,84aaa1bf-dc34-428b-a624-6a3de577c01e,90143.6,2025-08-16,food,149
391,1686,f3bc2afb-656d-4042-a9b9-6378ba5b1b9d,67642.03,2025-07-30,medical,
392,1613,82e033a7-29fd-4d61-95dd-aa1087869ec2,97185.66,2025-08-11,medical,89
393,1607,72b27596-b296-4bbb-b813-190ab74992e1,85376.54,2025-07-29,funeral,
394,1676,b706a371-9073-4c55-9795-57d00c67d520,102204.15,2025-08-14,childcare,69
395,1684,b955f9c1-a8f4-4105-8c7b-87d99e3eec85,76960.4,2025-07-23,education,
396,1738,e4efe911-bf14-4b06-bfaa-7dae73f0f68f,68045.66,2025-08-08,education,92
397,1656,3c324400-37d1-49d0-b8fe-6743fd73ec48,57794.14,2025-08-08,other,70
398,1546,ebb13a0a-43ed-4154-ace2-2b317e4e1c12,102120.86,2025-07-22,food,116
399,1660,08e85ab3-2cb7-4666-8a9e-e89e11b9a789,70163.47,2025-07-16,rent_arrears,116
400,1715,41a02100-5308-48e9-8e0e-f80f32e4bbf3,99125.28,2025-08-04,medical,
401,1628,5adda275-bd0f-472c-ae1d-f79889e529df,66169.97,2025-08-07,food,
402,1632,1edb8b7f-adbb-438d-9aef-c26c7e426243,122450.73,2025-07-11,education,
403,1683,98806693-9d6a-4cfb-867f-e56daed5719a,64056.52,2025-08-09,rent_arrears,
404,1541,ac90677c-6584-44b8-a19e-e19f93c36d9a,66488.38,2025-07-22,rent_arrears,
405,1582,be45ed1d-532b-4751-add2-43ff9ae80bf5,61726.72,2025-07-17,medical,180
406,1614,19fe051c-8942-42d8-b4e7-7a8bc2d5f8a6,31916.62,2025-08-05,childcare,
407,1512,577284af-86a5-4897-ad7e-288a96483342,13768.71,2025-08-13,medical,
408,1525,38030985-c5e7-4cd0-a06f-b8757429fd2a,54061.23,2025-08-03,utilities,
409,2028,c7bcca9f-f171-4af4-b276-0a742dd211d9,129898.89,2025-09-05,food,142
410,2006,cfb40a1f-2044-49fa-86e7-6c170b7c86cc,235884.92,2025-08-23,utilities,
411,1798,296ffe95-f784-4eb6-be33-8cfd116ec433,140213.15,2025-08-18,medical,112
412,1933,127c546c-5d91-4950-bd22-51a3379f5e4b,100526.2,2025-09-16,food,117
413,1797,9542c2e9-8a85-4063-8460-a0ffb6815a9c,64678.56,2025-08-12,medical,
414,1795,0abfee83-642d-45b7-9063-673a8df20e8f,115752.67,2025-08-18,utilities,153
415,1905,9843aa02-2d5b-49fa-a6d0-9f8e214f8412,187128.47,2025-09-09,other,
416,1875,e184156e-de98-48dd-9b54-dbe8b122ec14,153311.28,2025-09-08,childcare,124
417,1936,b2a7f1b3-16f6-49ec-a40d-a4b13a939e8a,109465.78,2025-08-26,education,139
418,2039,fd07d7f1-9846-468b-8490-7117dd228d8d,73077.69,2025-09-11,education,92
419,1867,17b16840-c161-40b1-ba1e-3e64f3c704e3,71452.98,2025-08-26,food,
420,1818,18e501fd-fa43-4273-9668-9a21121af89f,89915.23,2025-08-29,food,
421,1958,dca98170-09aa-48ee-a030-bb85571704a8,74552.18,2025-08-31,education,
422,2029,533a01c3-44a5-49f5-af43-28ccbc7c5cad,102291.84,2025-08-23,other,184
423,2024,7270fea3-96f3-43b0-9f4d-ceebb907b69c,150176.06,2025-08-14,food,
424,1956,ba74ed09-20f4-4b45-9b90-1b7034fd3049,126318.14,2025-09-10,childcare,213
425,1892,b16bfd83-15c4-4261-a8e0-ca7caa65b799,118940.55,2025-08-22,other,78
426,1967,e6b92b4a-02af-4a3a-9a5d-d0bf29d8fb0d,180023.97,2025-08-30,childcare,
427,1776,51aa8c4d-85f4-4045-9368-9dba222bbb12,110516.64,2025-09-01,education,
428,2011,d952a20f-bc11-457e-bcc1-83d983cc6126,52573.37,2025-09-02,education,151
429,1859,5031289f-22a0-4b8d-a8d2-280b084d47a0,83558.58,2025-08-26,childcare,
430,1788,eb97169e-d7fe-4f44-add0-33bdecb205d1,158461.4,2025-08-28,education,
431,1961,059851f1-fe99-48a4-8bd4-58a5c44ebed4,44335.25,2025-08-09,food,159
432,1984,18f77ab4-29ff-4a75-b177-86eb5ec6a6b7,105885.48,2025-08-05,medical,
433,1929,23bdb237-aba0-43cf-b635-6f1d839b4cd4,94643.94,2025-08-20,childcare,
434,1964,bca534b3-0c04-4812-a3f7-d5190c6addba,98613.16,2025-08-23,food,
435,1893,8ad41634-f466-4075-8c55-5ee4c6c56298,45143.21,2025-08-09,childcare,
436,1886,3f673864-18f8-482c-88a4-2672efbe703f,69335.91,2025-09-07,medical,155
437,1871,8d982d22-5309-4a4c-b189-9084b1253ad7,55654.19,2025-08-19,rent_arrears,
438,2015,a28bf818-69f2-4888-be5f-1a8cd567b361,43673.77,2025-08-17,medical,210
439,1968,56b22b81-04e1-4ddd-b558-716c01838279,72494.92,2025-09-15,education,
440,1789,c1391ec9-5b56-4df5-b432-5e0e042bcfed,45497.12,2025-08-21,education,
441,1763,69f79839-be16-426c-91c7-40987b044372,64692.76,2025-09-01,medical,
442,1811,ccff89fd-b40d-47a7-9342-8daf23f68512,30850.25,2025-08-28,food,73
443,1908,c5f0b162-d9bc-4eb5-b5e4-013111730251,68381.97,2025-09-16,other,
444,2043,b2fb9194-4fec-4ceb-9c6f-2842bb68801a,51629.18,2025-08-18,utilities,
445,1969,bdfb73f1-dc31-476c-b3e5-fb84a609f8a1,67000.52,2025-08-23,other,74
446,1870,6eef87a6-bdff-4ccd-a685-00e70a1a074f,21330.0,2025-09-02,medical,
447,1878,0afaec1a-e210-42b9-b1cd-8eca59ff0ef9,4228.95,2025-08-22,medical,218
448,1974,fdf65a3e-b390-439a-aa64-bae521a02685,5238.53,2025-09-09,medical,
449,1853,2f75f17a-a4e0-4ecb-89fc-8e20c7d02e8f,2557.82,2025-08-23,childcare,139
450,1999,75bfbe25-6d8c-4c63-b3bc-de1f2e0e3ef7,2764.63,2025-09-10,education,160
451,2106,40eaa3fe-5130-4457-9bd8-c75c684b24f0,129652.48,2025-10-20,utilities,184
452,2140,52088fbd-ded6-4844-9292-8cf2241cfe39,152017.28,2025-10-01,food,
453,2075,0d988dff-3a9d-4764-ab4e-de173bfd8969,189753.46,2025-09-12,medical,
454,2182,75f04a18-4ba9-487e-84d4-e9e39e032189,68619.42,2025-09-19,medical,168
455,2050,db6cb015-fbc4-4cba-9313-1911ace4d9de,147485.12,2025-09-09,education,
456,2308,253a715a-1928-4420-b166-3e1e0f5fdc73,99002.43,2025-09-09,rent_arrears,
457,2079,6121f476-af04-4e39-9ae1-de2ec567c1bc,108449.2,2025-10-18,medical,
458,2094,18af63d7-e16d-4bd2-b637-282c576ff12a,40746.36,2025-09-12,medical,
459,2184,61af4804-1c2c-4909-b5dd-482f123126d1,137454.31,2025-10-08,medical,95
460,2099,38c8a6f2-3682-412e-9fa8-f7f109c4974a,179233.48,2025-10-13,utilities,
461,2228,87223a5a-af5c-4c46-af5c-13b2bb30f76a,113990.7,2025-10-11,medical,
462,2167,7efaa139-fc33-4850-bdb7-503603c91f25,155117.4,2025-09-21,food,156
463,2102,47ca4e4a-ec9a-43da-baf5-15e5fb840035,59275.36,2025-09-30,education,98
464,2171,3e6c63a9-3b8a-4986-84f2-070b9dd20614,138925.33,2025-10-01,childcare,
465,2168,782ebfa2-b456-4232-adff-d0668e033e82,147219.26,2025-10-11,medical,108
466,2157,7a5cc3d4-39a2-403f-8581-a10e7bbc56df,116708.78,2025-09-15,medical,
467,2206,62ff428e-e425-4fa4-95c3-75854d84f7fa,67872.99,2025-09-22,other,78
468,2129,1a27738b-c384-4838-9938-38a3ca7a064c,48703.44,2025-10-10,medical,
469,2252,7530355d-d91b-461b-8018-61d9e07b1cd0,118558.51,2025-09-21,education,
470,2213,85e30c59-4482-416e-8ee4-64d78a44c503,71398.67,2025-09-26,medical,138
471,2137,bb1e12f9-6198-4f39-a683-fa28c065aa02,75975.29,2025-09-25,food,
472,2135,54c2faa4-260e-4ea1-9d2b-47fc078366b2,74458.01,2025-09-20,education,
473,2054,0f2d608f-2bcf-417d-a226-a6c6a8e97d4d,60347.53,2025-09-08,medical,
474,2139,4216972c-508f-4bf5-b4b4-275f326b7d1a,69437.64,2025-10-02,food,124
475,2267,e3c3ed67-efaa-4d79-bc64-0300ffc9a7b4,82687.43,2025-09-29,medical,
476,2110,585e7844-1373-4472-9292-d38e03c0e752,58127.34,2025-09-05,rent_arrears,
477,2249,e30e3b56-ad5b-4edc-aacc-9395f47ef694,52122.03,2025-10-05,food,82
478,2091,6af77b02-02de-4a25-977c-26e77ff23f16,82264.23,2025-09-06,education,
479,2286,a26089be-2a3d-4045-bdc6-4197e330056a,50546.16,2025-09-27,other,
480,2153,4beccfbb-b268-483b-a6dd-6d7683e60afa,66913.87,2025-10-15,childcare,
481,2224,fb9677b2-c7d8-4fc8-99ed-c368292fce80,43379.33,2025-10-02,education,195
482,2245,ce4619e3-354f-43a8-9021-eff5cf8777b6,68719.45,2025-09-29,rent_arrears,
483,2113,802a386e-ee40-486e-a642-deb644b2f5d0,40481.29,2025-09-27,other,
484,2210,8bd9bf83-382e-497c-aea4-f4f406b8d192,12918.4,2025-09-23,medical,
485,2105,ec80ec2f-b7f9-4fa3-8aea-fe0fa50dacff,17739.25,2025-10-18,utilities,73
486,2164,da2f61d5-cc9b-414d-9f5f-11dc7e481b88,9492.17,2025-09-13,medical,222
487,2090,e6b19f05-ae2f-4d8a-9aab-80438d0c987e,2986.09,2025-09-08,medical,
488,2447,5a2bf3db-6ba8-4db3-b5bf-03ea0c68ff83,238922.34,2025-10-18,medical,
489,2435,91e138fa-4824-4637-b9f3-5df6b03ea207,129326.01,2025-11-08,food,115
490,2579,9c53ca1f-648b-4a00-81b0-56e44c11319e,81780.92,2025-11-20,food,
491,2405,fa0b5df4-e636-4ba8-b7d8-06f050e3e324,155262.06,2025-11-09,medical,210
492,2533,9914b49e-29ef-42d4-bdd3-3613b2c7e688,158698.45,2025-10-22,medical,
493,2414,288b2193-2b16-45e9-a050-f6b017ea1f8f,188863.85,2025-10-31,childcare,112
494,2477,be00c251-5be6-4912-9c78-996e74a92004,69253.17,2025-11-12,medical,195
495,2320,da2cd82d-866f-43ce-b905-9eda15eae38a,103258.66,2025-11-06,food,201
496,2628,762acabe-fe05-4408-a46e-4718ebf03e77,185037.26,2025-10-15,food,
497,2499,ccb9581b-3369-47d3-9998-06bf7cbdd645,117520.54,2025-10-24,utilities,
498,2415,7e688d62-374c-4666-93ce-34d00d046af9,167659.12,2025-10-26,medical,
499,2318,5769d48d-e350-4e95-84e2-8df1b0d19ee0,85026.66,2025-11-06,childcare,225
500,2331,2634854d-747f-4bc1-9460-700da4546e96,144769.23,2025-10-11,medical,
501,2463,3d85eb7b-5391-4c09-8403-e816ae8f3b58,126494.74,2025-10-25,food,
502,2361,7233faf0-9f43-42ca-914e-abcf2a5e4249,172410.78,2025-11-06,medical,
503,2608,93f362ad-305b-41b6-b8fc-6e2a7276922c,76925.83,2025-10-30,funeral,141
504,2421,9fe0a305-9733-46ed-a53a-281988cb5aef,86783.31,2025-10-19,medical,
505,2396,d17e062e-dec0-4468-bdce-3be4f4a127ad,137095.12,2025-10-11,childcare,183
506,2571,6f110732-8a14-4c31-9411-b408c4d02780,62536.4,2025-10-26,education,
507,2478,07b73d45-4277-4f7a-8c0a-773a94a32452,56587.58,2025-10-12,medical,
508,2370,48dc093d-a9d6-4292-afcb-6ba7033a4162,118520.26,2025-11-06,rent_arrears,231
509,2451,687c6f31-088f-4c85-b055-cf11e53ebe48,56808.16,2025-10-21,medical,
510,2349,a9c9ca76-b85c-4ce4-8515-c416fbfe26ab,64429.73,2025-11-03,medical,
511,2562,ab1c6cdf-bd6a-4503-a7e2-3fe22ecea6e4,152725.12,2025-11-12,food,
512,2507,3d1b01fd-ff08-48ae-ab4f-8a23a5640f05,76681.15,2025-11-07,medical,74
513,2481,ae9f2e84-2ee3-407a-bb52-d52a891bd9e2,85353.62,2025-10-27,food,237
514,2556,c0195687-5dcb-40f6-85b5-e5ee82ecd2fa,45068.83,2025-10-09,medical,
515,2460,696219bc-e516-45a5-9965-2b59c87fcf2f,68471.35,2025-10-17,rent_arrears,
516,2330,86f1e2fa-3ca1-470a-b863-c415ebe45398,112157.63,2025-10-31,funeral,231
517,2511,7f7a1a83-9e56-411b-b195-1fcb8a819baa,73402.95,2025-11-11,rent_arrears,
518,2549,c3cf7fab-f971-4199-b3d3-dbeee558d4b4,34725.25,2025-10-30,medical,106
519,2619,a8549265-c5bd-4b99-b340-cb01641bfece,90082.71,2025-10-14,rent_arrears,
520,2445,3c5307b7-0580-4b67-9db3-5e8862b0d814,51473.66,2025-11-03,other,
521,2350,5b0dfa75-ecd5-43e4-a12e-6cf16cdae92f,50673.84,2025-10-13,other,225
522,2464,324b15aa-c0d9-49f1-9555-17611ab4a5e9,71104.68,2025-10-25,medical,
523,2496,693c5127-78d5-4cb0-93ab-f8c013e1dc1b,27597.22,2025-10-23,medical,
524,2322,4e048ab4-4583-4f88-967b-7803a7faf10c,32909.86,2025-11-11,medical,
525,2612,25dd565e-dcbf-4f7d-8c5b-af5e3f8adad4,55921.58,2025-11-12,utilities,101
526,2525,52a3f71a-a002-4004-b22e-30116c19d714,4073.58,2025-10-13,medical,
527,2785,4e086344-8ea1-444d-b7a3-4fcb837d2c15,188213.53,2025-11-18,food,
528,2937,5f861949-a9b1-4984-91b1-9658d8cdb904,173337.21,2025-11-19,rent_arrears,
529,2819,c8922b03-2eed-4b71-a290-cd75c32b03c4,224287.88,2025-11-26,food,133
530,2718,db084237-ab3c-4572-9a35-aa26d9a2489e,194317.85,2025-11-04,education,
531,2943,94e8acb5-1f62-4e8a-9600-c951c352d6f4,110507.29,2025-11-28,food,
532,2796,9620482d-d157-4118-8438-d7e4ebd715a5,100443.01,2025-11-24,medical,
533,2793,087eb84e-f57b-4adf-b369-46fdd6d23160,155708.5,2025-11-18,education,
534,2743,07ad6e1e-bcc7-4c4b-b58b-d08d628aaded,74021.56,2025-12-10,utilities,
535,2781,2fe5d66d-fd57-4472-ac39-3f1f2a5fed8d,93468.8,2025-11-21,medical,235
536,2663,b07093b0-fe20-4fe5-b6f7-14a87d33bf30,72620.83,2025-12-01,food,
537,2911,6fca7e9d-88c7-48f2-b2c7-f10b8627fee1,75978.74,2025-12-06,food,
538,2952,51c307ea-36c4-42f5-b340-3cf01900af62,136481.19,2025-12-03,utilities,
539,2772,189f6201-ab47-4d98-92f3-acf36e2bd26e,58980.43,2025-11-13,food,236
540,2704,18af63d7-e16d-4bd2-b637-282c576ff12a,132257.32,2025-12-09,medical,139
541,2754,46d40a71-4a5b-488f-8dd4-dfaf0b96f9a5,68343.45,2025-11-15,food,
542,2920,6a5e9a43-9de7-498d-a0d2-a980fbb98200,66674.11,2025-12-04,food,
543,2646,00f3da62-562a-4be4-a76f-dce303cb57f9,52621.43,2025-12-14,education,
544,2891,428e6eae-c480-4fc7-9848-9b777e11f1d8,91345.66,2025-12-12,childcare,
545,2912,f5466646-e1a6-4864-acb6-333ed8a49076,91990.09,2025-11-27,food,229
546,2843,db4f85bf-45a1-4b79-8ee3-d972a8dc4a6c,137529.32,2025-11-16,rent_arrears,
547,2769,5eaa9acc-e98b-4c81-987a-869bbb96002a,57257.02,2025-11-25,childcare,
548,2756,8b78cfa0-36cf-4d2c-9de5-a2a00c7113bf,73900.79,2025-12-03,childcare,
549,2713,39f161d4-9bf4-429b-9580-e3e5d574742e,59231.31,2025-11-19,funeral,146
550,2921,2d9404b2-fe57-4fb6-a1ee-396c5a64fb1e,96913.13,2025-12-04,medical,
551,2798,fb3d3bc8-a88b-49cc-9b24-dbdd5295c0d1,63970.46,2025-11-28,medical,130
552,2679,f0949212-af2b-4b5b-8db1-ce0605309f0d,52206.57,2025-11-23,food,
553,2776,96ae4a73-bf17-4ded-a761-ffefb5bb375d,144729.59,2025-12-04,utilities,211
554,2707,aaf827ad-f97c-4749-b4c9-d315567c4907,123348.58,2025-11-17,medical,
555,2898,996b54aa-44e7-4b3f-82f8-cbf7d907997f,98992.53,2025-12-01,childcare,
556,2659,15e85d23-5909-4ec3-af94-ec2c781a0195,45101.81,2025-11-16,food,
557,2871,8b7b893a-ed00-4d5e-9081-463909be4ca1,142269.56,2025-11-29,utilities,
558,2647,d7d73ec3-5065-4579-8b49-78e30125de85,38331.24,2025-11-29,food,
559,2858,4b7dc41c-b987-4941-955f-92ec74b97f19,51381.66,2025-11-26,medical,
560,2935,b4ababaf-53fd-448f-893a-0a1f435c8607,17926.47,2025-12-11,childcare,91
561,2922,3c4d26aa-9dc9-47ed-a2d8-73c7138cd6e9,38250.55,2025-12-14,food,
562,2669,7e4b1721-117b-4c73-98b2-fec51602acfa,39723.42,2025-11-29,education,147
563,2724,39a1ff7e-e139-4982-802b-49e971883e9a,37538.9,2025-12-17,medical,
564,2779,482e22a5-3246-428a-80e4-8aa3315ca0d0,19032.37,2025-11-08,childcare,
565,2926,5914204e-0ec2-4399-89bb-e02d49035e92,21635.1,2025-11-19,food,
566,2925,4b6a7407-bf9f-4a9a-859f-8d258a006acf,63222.94,2025-11-09,education,
567,2822,ed867184-48cd-4385-baf5-77e24c7856f1,3000,2025-11-27,rent_arrears,
568,2703,a7ab0edc-8125-4a44-a841-942dfcc90f62,2536.43,2025-11-20,funeral,211
569,3073,20a664a0-2b29-4c1d-b776-d6652487dbb3,185711.05,2026-01-04,food,
570,3014,0f5df415-8207-4084-a9ad-a504ed30ce12,157944.94,2025-12-31,medical,91
571,3150,a21e1ee0-1587-4a40-b57a-9d3c6654b8fb,167905.36,2025-12-23,food,
572,3048,8ca318d3-75e1-425f-b662-ca28b81b2618,159722.83,2025-12-07,food,
573,3215,125ea607-5bf1-4ce0-a842-eafde0f511e4,180814.6,2025-12-27,medical,
574,3311,79de3d1d-0cbd-4453-80d4-e45a6ebed41f,110323.25,2026-01-02,food,
575,3296,f8e6c6db-e2fa-4430-9661-22228eb88f18,97301.24,2025-12-28,food,123
576,3282,533a01c3-44a5-49f5-af43-28ccbc7c5cad,126654.02,2025-12-26,education,
577,3039,38c8a6f2-3682-412e-9fa8-f7f109c4974a,178187.65,2026-01-11,rent_arrears,76
578,3283,1b825571-6e68-4a06-8bde-8a6dd8fd4aaa,60002.16,2025-12-22,other,
579,3144,2ca91a6c-0146-4dd2-8259-23529010547c,138307.64,2026-01-06,medical,
580,3031,126b9df0-34c4-4790-96ec-dc18c406648b,38620.42,2026-01-16,other,
581,3040,8664dd16-80c0-4442-9957-d7904d42e853,87288.17,2025-12-29,medical,
582,3286,0ca99fc3-2211-42a4-a67b-ce2999014b41,123623.65,2026-01-07,food,141
583,3208,587a8d6a-226e-42b2-a0d2-a0d79884a0f6,168716.91,2025-12-19,education,
584,2983,8619e54a-4cde-43ed-8595-471ebdf06afb,86342.11,2025-12-27,food,
585,3278,a0d0de16-c0ea-43b1-a86e-8bcc4a6cbeab,108452.51,2025-12-12,medical,
586,3019,9f6aade9-304a-4d3f-97cf-3d95e3128006,91277.44,2025-12-23,education,
587,3125,1edb8b7f-adbb-438d-9aef-c26c7e426243,67160.55,2026-01-01,medical,190
588,3079,099ff071-14e1-4547-84bc-f0f7ebca162d,91943.2,2025-12-31,education,
589,3290,a5046067-54ac-441d-9d1f-1ef2ccc6cd85,84752.92,2025-12-26,medical,
590,3281,da91c8cb-e070-40cf-bfa9-d1e8abed2c3f,104236.77,2026-01-18,education,176
591,3189,9c035846-1a09-4e14-891f-4162bf017013,57038.82,2025-12-07,education,217
592,2974,86f1e2fa-3ca1-470a-b863-c415ebe45398,99335.6,2025-12-31,food,112
593,3101,784b3768-93d5-4d91-aae5-a468b21c5f01,117035.23,2025-12-31,food,
594,3217,47c7a457-4670-4495-8ccd-3e9f526eff10,126215.71,2025-12-28,childcare,
595,3206,1426b0b7-1950-454c-aed4-f6105af7482f,75724.32,2026-01-01,food,
596,3228,170503c2-7e25-4b68-872a-fbd801651311,62493.16,2025-12-21,medical,
597,3033,a96ef49d-a2ca-4527-9e37-14bab9ee2d71,87645.97,2025-12-27,other,187
598,3021,e1f34fb9-9375-4160-b1d3-f961fba2b131,116839.88,2025-12-05,medical,
599,3105,1459aaa7-96d6-4bd0-9ac3-b9002889d432,86309.45,2025-12-23,childcare,
600,3148,57d5ab20-0873-4c18-a22e-71d615894acc,56657.39,2025-12-22,education,68
601,3045,39f161d4-9bf4-429b-9580-e3e5d574742e,75546.39,2026-01-02,utilities,
602,3108,c1a862d4-0dba-47ad-8c55-60f0165291ad,96483.26,2025-12-21,food,
603,3140,9549da99-b3e8-4fcf-84f9-565e1291fdb6,71433.83,2026-01-06,childcare,117
604,3159,b87aed2b-278e-4c0a-9856-4564ba4f42eb,73079.62,2025-12-20,rent_arrears,
605,3233,aba1dda1-5575-4239-b181-074630c1aeec,99198.96,2025-12-30,childcare,212
606,3234,9f27a3e5-aab1-4b24-adaa-eda092335b0e,84571.2,2026-01-01,rent_arrears,
607,3007,54a798ff-a0f9-48b8-928b-ddc16b9ae55c,54845.02,2026-01-01,utilities,
608,3104,40c8803c-0235-4f0f-a208-62cc4a7bb962,40812.49,2025-12-30,food,
609,3149,51483017-7e78-4046-8004-487e79271c7a,45559.16,2026-01-06,utilities,152
610,3212,3a85d083-3c45-49a0-80d0-b4795b6b40cb,33684.17,2025-12-17,food,206
611,3167,305955f9-0f63-4db3-9c1a-e509d7891639,23045.31,2025-12-25,medical,
612,3053,16c55c4f-eb35-4fe7-83d6-a2d19b200cf1,24743.82,2025-12-26,utilities,
613,3102,676e86b3-7ee0-4d21-b20e-f816f03370f6,12192.96,2025-12-15,rent_arrears,
614,3501,03d4ea20-ce50-492a-96c7-c23736e1b93a,137156.11,2026-01-29,medical,
615,3556,3156da0f-b2ea-4364-ab6e-994bda9c8310,137442.04,2026-02-15,food,
616,3586,129714af-4869-4ebb-98c9-def5efd20764,164056.25,2026-01-15,other,
617,3550,39536b84-4817-4253-92cc-d54404d552b2,212546.98,2026-01-17,medical,
618,3657,c2e1a474-5d33-4800-8029-fd3025cd1cc5,135494.91,2026-02-02,other,
619,3538,794e09f0-d6b6-45d4-878d-2ac4fe216225,174078.31,2026-02-02,food,61
620,3466,087eb84e-f57b-4adf-b369-46fdd6d23160,135796.43,2026-01-20,utilities,94
621,3555,8a0f7abb-a53d-4eb4-b2ec-5c5cf079c39a,83954.27,2026-01-12,food,
622,3578,d146a4f8-de90-4388-8b69-c57691caeea2,63528.12,2026-02-17,rent_arrears,
623,3330,6f713016-fd98-4299-8904-2d710a686578,77421.49,2026-02-13,food,75
624,3333,03f773e9-27ea-4ce7-b931-47695b345207,50957.0,2026-01-11,medical,214
625,3517,5c9ae486-5797-4aff-840e-611e0a2f31f7,71326.4,2026-02-10,childcare,124
626,3391,ebe26322-950b-4127-9af4-2b5c66e2592d,79190.49,2026-02-03,childcare,
627,3614,7efb4df1-58b8-47cd-9dec-45bef06a85fb,109833.4,2026-02-03,medical,
628,3603,8834170c-cb77-4a72-8069-ee0f2aab1202,122656.44,2026-01-08,education,
629,3339,30b9276c-427e-40fe-b71d-3dc310bd1798,90904.45,2026-02-01,medical,
630,3481,ee2b4e0f-25ff-4527-bf1c-0a2ded8d6dd2,30737.06,2026-01-15,medical,
631,3649,253a715a-1928-4420-b166-3e1e0f5fdc73,93028.92,2026-01-20,rent_arrears,151
632,3423,fa45f754-21b1-41bd-8910-1a0809c326c5,177877.29,2026-02-07,education,128
633,3659,364f0e43-2b07-46c1-8b98-d2366d8245c1,129644.44,2026-02-15,childcare,
634,3529,6a16839b-3585-4282-900d-aea9555b0f45,96026.05,2026-02-08,food,
635,3654,8a20dfff-a4bf-4cf3-b69a-038a8c0d37cd,84655.7,2026-02-07,education,
636,3362,2e4d296d-ec87-498d-978b-6811d3366c6d,143834.41,2026-02-10,utilities,194
637,3459,5b6fd112-cd45-4561-a896-d26a089abc79,88114.08,2026-02-07,medical,
638,3581,fb7654ed-76a7-4b57-9d39-a40189f9d91a,54358.93,2026-02-08,medical,
639,3591,07a56e2f-838a-4558-9711-a723c74e969a,46429.3,2026-01-15,food,
640,3597,b59034fd-e778-430c-88aa-855e2da7b57f,114196.61,2026-01-23,utilities,131
641,3335,e987b388-2dcd-4bf7-8a6e-c3ec9aca8e87,38192.98,2026-01-10,medical,239
642,3445,459a2877-dd54-4f41-af43-330768b4953e,46564.39,2026-01-16,medical,
643,3588,36e5cd31-4346-42da-afc2-47e5008143e4,48737.14,2026-01-14,medical,
644,3643,f3a956ea-306a-4e61-ac40-4d34684484a6,67064.18,2026-01-26,food,159
645,3449,d8c88bcf-bdc1-4c57-a96e-9321d1bff145,56251.01,2026-01-25,food,
646,3430,0bf8b7cf-c6fe-4f05-8b81-eaa7b5f0a135,98771.18,2026-01-22,utilities,
647,3500,7fb4cf43-fe45-4d97-9404-7323d895fa61,87894.28,2026-01-14,other,142
648,3428,caae40f4-c2de-427d-bbe0-5c94d1ed76d8,72615.87,2026-01-09,childcare,181
649,3525,33e04e40-96c3-4094-8c55-572631decd7f,67213.89,2026-02-17,rent_arrears,
650,3602,39769e68-dd46-4bc8-93bd-798b3518fb1d,102758.62,2026-01-11,childcare,
651,3458,8e5e4d18-3806-4176-9df2-3a770d6d1ac4,28323.91,2026-02-05,food,
652,3516,263b22b4-4d08-46cf-9bfe-3e74ebdb1acc,35057.18,2026-02-03,medical,75
653,3611,2b7d795d-82ae-4d63-8243-8a7d304e9a48,33846.22,2026-01-05,medical,
654,3622,0069f481-e0ca-414b-8167-2c63b847e97b,58880.06,2026-01-28,medical,
655,3567,f4ef62d3-8d53-468c-b28a-7ee1f843073d,31417.77,2026-02-03,food,
656,3606,0f5eede9-11e6-410b-81f2-b7dd86e4f9c5,51288.01,2026-01-17,medical,
657,3370,827ad51e-8a29-4387-b6e6-111a50f014b2,33378.03,2026-01-21,funeral,177
658,3413,ab892a88-a42f-4747-ae14-6c3f43f479ac,61971.4,2026-01-28,medical,
659,3617,24b9ac16-0beb-4675-b15f-7a03a934b159,14117.58,2026-02-05,rent_arrears,
660,3652,6bdd0209-7835-447c-8431-cb8724f6f5ff,22549.95,2026-01-11,other,
661,3508,df84809b-8055-4b16-9f4e-8a3b974be9ef,3256.01,2026-02-03,childcare,232
662,3645,8f9208ba-86b0-4be3-8228-dd5cb0bc2686,10776.2,2026-01-21,education,221
663,3520,b81f6924-8b7a-48eb-9345-4bda1afdfe6c,43739.69,2026-01-22,education,
664,3425,454c8ae7-81bc-4208-b18c-53dd677e6479,3000,2026-02-13,education,
665,3905,6adc0716-0f75-4f00-8677-c0b0dad47d49,249520.26,2026-03-06,food,
666,3716,9542c2e9-8a85-4063-8460-a0ffb6815a9c,168307.15,2026-02-15,utilities,
667,3944,189634c7-e62d-44b1-8c10-2355457908cd,127386.89,2026-03-10,food,
668,3844,c7a50214-d366-46f0-a4d8-e4738e5817a6,145200.01,2026-03-12,food,132
669,3784,7e688d62-374c-4666-93ce-34d00d046af9,120312.45,2026-02-23,medical,
670,3898,53abef57-e7a6-4c47-aa7e-405a4d0a2703,64131.42,2026-03-14,education,205
671,3875,56bb9f9f-388b-4689-821c-f56ac166d263,69331.87,2026-02-12,childcare,
672,3871,3e392fda-f67a-4e6c-a353-46f575675d64,128679.91,2026-02-22,medical,
673,3832,7c9ad2d6-af3b-40f7-9fcc-ca4d09fe8c27,119069.28,2026-03-02,medical,74
674,3753,554fc2da-0be1-4b8b-8ad0-1819169023cc,75395.47,2026-02-11,food,
675,3697,b07093b0-fe20-4fe5-b6f7-14a87d33bf30,64826.64,2026-03-06,food,
676,3675,03282506-9af5-4a85-ad4b-d306b6db654a,69637.2,2026-02-28,medical,
677,3676,7504b5e5-aee4-4254-b67b-4d0275eccd3d,47514.27,2026-02-16,medical,
678,3853,d16aec7b-f72f-4f8c-bcf7-775c98c9d01a,147155.43,2026-03-03,funeral,
679,3813,51b58aa5-bd71-4e48-932b-b2f4ac5160ef,157496.96,2026-02-18,childcare,
680,3681,f0ed5e68-576d-4f76-97cf-54ec43541d90,69645.09,2026-02-17,medical,
681,3802,8337c5de-db85-4cf5-b655-35b2009bd008,62908.95,2026-02-18,food,
682,3970,47c7a457-4670-4495-8ccd-3e9f526eff10,151832.65,2026-02-18,food,
683,3909,484b2cc1-d39f-42b4-b2ed-5b9c1ddeb46f,181222.48,2026-03-04,medical,101
684,3740,aaf827ad-f97c-4749-b4c9-d315567c4907,42281.03,2026-03-02,utilities,204
685,3661,76ce357a-9558-4a78-b57f-2e398e3b0155,82242.22,2026-02-16,utilities,
686,3743,a060f2b4-95ae-49be-863c-6005930f9a33,102391.26,2026-02-21,medical,
687,4043,f0113c31-a9fb-4529-b831-3a7e4111e0fb,66623.73,2026-02-19,funeral,
688,3999,6e7254f9-b6eb-4115-a754-70cd9e5e049d,138834.42,2026-03-04,rent_arrears,
689,4006,ae07fa61-7ca9-4d99-b4e3-cd6da52e447b,103825.24,2026-03-18,funeral,
690,3807,75f01ea3-ae76-4b20-bac3-180e845af9d1,105853.52,2026-03-10,food,
691,3985,f5466646-e1a6-4864-acb6-333ed8a49076,118575.98,2026-02-08,medical,219
692,3968,e18da7e6-ba41-4f28-82c0-4e5a58051a27,52169.82,2026-02-28,food,
693,3850,6dccd508-a291-4d66-86d1-d200b75453a2,53324.46,2026-02-23,rent_arrears,111
694,3910,5216ccd7-0e40-48b3-9a0c-561056ad9fb9,40550.82,2026-02-19,childcare,141
695,3946,b53acc15-c3da-4cd4-a16f-3162229ee561,94381.39,2026-03-17,food,
696,4033,2bdc0e57-24c2-44bf-b47c-0f04e922e55c,56600.85,2026-02-11,medical,
697,4007,25eeb45c-6202-45f7-a181-7ac713a51d02,97691.43,2026-02-27,utilities,
698,3789,3b4cb220-2faa-4131-b07c-b809614072e5,34455.81,2026-02-06,childcare,85
699,3961,710a416b-038d-4e85-9b4b-b1f4afba3f0a,42317.71,2026-03-04,food,
700,3971,73f30a8a-53d7-4958-9c3f-502b6b467f7c,7871.92,2026-02-14,other,204
701,3739,9bd20c14-3ed7-4789-97d9-a4bb0a6cd3f1,35287.25,2026-03-04,education,
702,3855,ed0266be-d380-478f-8405-4680627f9d60,20718.27,2026-02-27,rent_arrears,
703,3799,8bf2fc03-1340-4422-85fd-b12a39c24a6d,16030.8,2026-02-28,medical,211
704,3965,a1ee35ec-0ece-41eb-a168-28a8f82eaec2,6530.89,2026-02-18,rent_arrears,198
705,3888,9c2ac275-3964-491a-bb54-6c00c8a5cd41,9462.91,2026-02-18,utilities,
706,3996,a7a63e74-9212-43de-9883-bad7e9d8ca52,2490.43,2026-02-19,childcare,
707,3911,5128a3ff-1747-473d-aa11-1bcf7f4dbba2,11740.94,2026-03-05,other,81
708,4209,5a2bf3db-6ba8-4db3-b5bf-03ea0c68ff83,284559.13,2026-03-29,food,
709,4375,9bfb6550-5632-4820-904b-0baae99c29a3,88232.61,2026-04-11,childcare,88
710,4148,fa0b5df4-e636-4ba8-b7d8-06f050e3e324,280233.7,2026-03-12,medical,
711,4122,b77e9b87-8d06-4c49-a78d-42b5af42873a,70545.92,2026-03-15,medical,230
712,4173,759013e1-cd0c-4d16-a4b1-2d49d0490840,81567.71,2026-03-21,medical,
713,4194,e184156e-de98-48dd-9b54-dbe8b122ec14,204327.48,2026-03-19,medical,
714,4331,dca98170-09aa-48ee-a030-bb85571704a8,109924.65,2026-03-26,medical,
715,4321,5b2ca712-e730-41e8-927a-fd590d772fa6,71351.55,2026-04-01,utilities,
716,4151,e8098a03-b75f-4145-ba9a-8c34b7362daa,187824.6,2026-04-04,funeral,
717,4168,3926dca6-e89b-490f-9eea-da560f2b65c7,130189.49,2026-04-11,medical,
718,4296,f2781abe-4826-49ce-b4b4-bc6aa3598539,101392.68,2026-03-18,food,
719,4345,e6b92b4a-02af-4a3a-9a5d-d0bf29d8fb0d,194304.78,2026-04-07,childcare,
720,4078,77738227-72cf-47cf-8517-30f8cb8bd953,86249.19,2026-03-05,medical,
721,4075,659c3f35-7a77-4ca1-b9b3-0466585f6e81,153331.07,2026-04-14,rent_arrears,
722,4133,7288f581-8f6a-4849-8e2f-b81030a340ab,70918.46,2026-03-15,medical,124
723,4205,4e12d3d5-91e3-4067-ab09-92815c801a20,56245.9,2026-04-08,food,
724,4099,8b88b998-f7d1-48fd-98ef-42a308f96b61,99282.92,2026-04-01,utilities,
725,4066,86f1e2fa-3ca1-470a-b863-c415ebe45398,53561.89,2026-03-27,food,
726,4266,00d34f7e-c438-4fff-a5c8-c19dd1fb5eb7,83670.34,2026-03-19,food,178
727,4238,0ef3a417-95b0-41ce-bf06-46fdd494264c,106083.5,2026-03-30,medical,
728,4193,ff4634cd-1c74-4344-bb6a-fcb93c5f3c41,72034.38,2026-03-20,food,
729,4343,8a0f7abb-a53d-4eb4-b2ec-5c5cf079c39a,134572.14,2026-03-24,rent_arrears,
730,4090,3512d89a-94fd-4691-ac11-bd290017baf7,157040.97,2026-03-25,medical,
731,4297,b2a7f1b3-16f6-49ec-a40d-a4b13a939e8a,120825.74,2026-03-15,other,157
732,4327,6f1837e1-7633-43ed-a19c-7f70faea923c,87500.63,2026-04-07,childcare,169
733,4419,fab279e0-a074-43c5-88aa-5f07802c7f90,36915.07,2026-03-08,food,216
734,4435,79b0cbbe-2433-4c88-8864-ae1216efb671,77936.04,2026-03-29,medical,
735,4335,f24bb6a6-69b3-46fb-8d88-4cb7d1db894e,116313.0,2026-03-28,food,
736,4311,05de41c9-a363-4b1a-920f-5627a75e0033,107168.93,2026-03-25,rent_arrears,74
737,4363,7530355d-d91b-461b-8018-61d9e07b1cd0,74559.67,2026-03-23,medical,
738,4233,9539e7af-d09d-4016-86b7-c73ab952f8b9,68283.26,2026-03-21,medical,
739,4433,b9882f41-c60e-4b17-8f3d-6672c42ecbe9,53143.02,2026-03-30,education,
740,4150,787e3847-26bd-467c-a996-453be9db80e6,46804.63,2026-03-27,food,168
741,4207,d8c88bcf-bdc1-4c57-a96e-9321d1bff145,92999.23,2026-03-20,food,
742,4243,c0a0667a-7b72-4363-ad56-470a1ec9b164,63106.33,2026-03-29,food,111
743,4369,1468ac54-4735-4d89-a3b5-7b6af1c4b5b8,44282.21,2026-03-22,food,81
744,4436,24fa4d55-6f0c-4d6b-8e9e-c02521ebc23c,21532.58,2026-03-12,childcare,170
745,4175,e31f77de-b01b-46be-a02d-802eab643f7d,19821.81,2026-03-28,rent_arrears,
746,4393,dc49109d-59ed-4b11-a071-47093bf3855e,23427.54,2026-03-30,other,
747,4242,059dc0f0-467c-4aae-acb3-ea1898b966f1,2410.13,2026-04-06,medical,
748,4058,46f7ec70-2b96-460b-8625-877b3a2789bb,10072.39,2026-04-12,rent_arrears,
749,4085,acd5a0eb-df57-47dd-a6fc-64d1b63500b1,3000,2026-03-29,food,
750,4117,e5b3062f-5d22-4248-b401-b67c67860f16,2537.42,2026-04-07,education,
751,4044,38222c28-cdd3-4ff2-b185-1f04ff48777f,4808.95,2026-03-24,other,60
752,4719,43810754-c18e-44fe-9d9a-4c026c46be1d,264249.15,2026-04-26,utilities,
753,4802,4cc21d1f-f79d-458c-85a3-51617eef99cc,244284.29,2026-05-05,childcare,91
754,4585,9d7b5375-5966-4574-a2fb-84a4b1827712,131492.46,2026-04-17,education,
755,4672,04b77ba3-cf9c-4afd-b562-613cc769d0d0,84066.29,2026-05-04,food,
756,4459,da2cd82d-866f-43ce-b905-9eda15eae38a,156526.51,2026-04-30,food,
757,4513,749b1ff4-e0dd-4ea3-8227-86245a3a90d9,82494.94,2026-04-27,medical,
758,4642,d0c7e2ac-c633-4487-be4a-ed9be45593d0,111049.28,2026-04-11,funeral,
759,4602,7e688d62-374c-4666-93ce-34d00d046af9,79160.15,2026-05-11,medical,136
760,4660,087eb84e-f57b-4adf-b369-46fdd6d23160,127167.57,2026-04-21,education,211
761,4690,a51dbb36-b306-4115-a534-9595a7317b4f,51162.06,2026-04-13,food,75
762,4566,81143d49-890f-469d-80bd-c0a7cf0d3273,54031.21,2026-05-13,medical,
763,4622,55702735-d03e-4ca0-b1eb-15030da42ba8,144252.51,2026-04-15,food,
764,4476,f6a099b4-9bae-44e4-8066-ec12c23f9b0d,108311.96,2026-04-30,education,99
765,4550,a96ef49d-a2ca-4527-9e37-14bab9ee2d71,96395.94,2026-04-23,medical,
766,4872,839fadfb-f473-4e8f-8d71-92c4e9b6811d,110435.53,2026-05-03,medical,
767,4765,ba74ed09-20f4-4b45-9b90-1b7034fd3049,189830.83,2026-04-27,rent_arrears,87
768,4455,f63eeb9e-dfd2-46da-a0cb-34ed3ea417aa,61130.75,2026-05-15,medical,100
769,4480,91f2ed35-039d-41a6-a83f-92d14816f44e,114600.6,2026-04-23,medical,
770,4767,d182aad5-f91f-4158-be23-7b5f623f2fec,103442.86,2026-05-07,medical,181
771,4696,169c815a-bcf3-4090-860c-0c88a8da141f,78581.4,2026-04-20,medical,201
772,4749,5f6cb4a5-f0bb-4b45-9d34-416fe0273945,73640.0,2026-04-28,food,
773,4781,1f946bd2-effb-44d5-8c19-ef77178ba391,82769.58,2026-04-11,rent_arrears,
774,4611,b68abc73-a4ff-4e88-a73d-fa85fb98c521,66853.46,2026-04-12,utilities,64
775,4738,33e04e40-96c3-4094-8c55-572631decd7f,74355.97,2026-04-30,medical,
776,4588,b3c9dae4-f27e-4148-8561-d6080dd154cf,49023.53,2026-04-18,food,
777,4633,283e3aef-d3ee-44b9-bbd6-2850be3db336,115607.38,2026-04-24,education,
778,4850,0d6ed201-0e3e-4d3b-a472-fd71b905609f,78726.13,2026-05-01,other,
779,4670,c4e39d23-6149-4749-8681-68010b96fb89,61450.21,2026-05-02,food,
780,4612,0b4f0600-bd8a-4b7b-8035-f4d58681b410,71860.93,2026-05-01,medical,165
781,4760,e5221a60-3348-4b33-b0d3-e3e00389bbb5,70150.87,2026-04-28,medical,160
782,4732,1f64b322-e58a-43a9-84df-2dd27fd4054a,80920.45,2026-04-10,medical,
783,4608,db6539ae-326a-4a96-91b3-305bc0be11f8,68432.25,2026-04-16,education,
784,4501,2ca49ddd-8efc-4a34-b8e7-574843a4ea51,39479.6,2026-04-11,education,
785,4569,14169e43-ffaa-413f-ad5d-a1642bce2e7b,65167.59,2026-04-22,medical,218
786,4532,bd71f1c7-bf44-4348-a922-10f93a6e0099,79731.27,2026-04-12,rent_arrears,
787,4604,6f4d95b3-0d19-4eb8-aa33-a0a4376cbfc8,49193.07,2026-04-05,food,
788,4648,696219bc-e516-45a5-9965-2b59c87fcf2f,39394.8,2026-04-26,utilities,
789,4587,4acff94f-2203-40f0-889f-172787b67317,13601.89,2026-04-17,funeral,
790,4680,e83028b6-f182-4219-8a4e-97e5adf669a0,31851.66,2026-04-25,food,
791,4695,ed0583de-00a5-42d3-91c0-78d70f5b8e0c,17901.47,2026-05-02,education,
792,4682,e88dc23f-9b26-4699-b0f1-4f1a217fe166,23550.52,2026-05-19,utilities,69
793,4689,f2c61770-fc44-4de7-921e-0b80742fe269,17607.5,2026-04-27,medical,110
794,4867,776f8bb7-38d5-4034-af26-cd8775e88b5b,12949.91,2026-04-29,utilities,
795,4521,d860dfb4-7378-41bc-ad3b-32bdcc74ebd9,19424.46,2026-05-01,education,
796,4663,513f5a58-e003-4be1-b4e6-b698a99fba7d,9318.95,2026-05-02,other,
797,4742,9139b3ca-7323-435e-a7d0-5a9e0b674fc2,9251.47,2026-04-25,education,
798,4475,3e0f0f2e-9249-458c-ad52-6d51249b1216,2967.05,2026-04-21,rent_arrears,
799,4840,4a43f279-ebc9-4dd7-a2df-24863542ba40,3811.86,2026-05-13,childcare,
800,4650,dfcbb47a-a2b8-4596-b771-a02ec6daaf76,3000,2026-04-14,education,199
801,4950,3effe22e-5a0a-440d-be9e-d516a4055b20,260552.87,2026-05-26,childcare,
802,5254,f11ac36d-789b-4e39-9f5e-49b389f21973,103330.53,2026-06-11,rent_arrears,
803,4904,67ad6acc-4942-4c56-bfde-aa935970ed72,286679.23,2026-06-05,education,
804,5236,a6708aac-fbdf-4ebc-b931-daba314886e4,164993.31,2026-06-09,childcare,72
805,4910,89c5474d-91a9-4c7f-9c5e-6097d405211f,215694.22,2026-05-25,education,
806,5164,f23bf9c0-575b-41cf-9a1c-3fce41a1b2d2,93759.64,2026-06-13,utilities,202
807,5098,56bb9f9f-388b-4689-821c-f56ac166d263,171743.32,2026-05-24,utilities,
808,4913,0768b928-e3cb-4f64-a4c1-31a2b5c383f9,123129.3,2026-05-24,medical,64
809,5137,484b2cc1-d39f-42b4-b2ed-5b9c1ddeb46f,65231.86,2026-05-25,medical,
810,5184,f906a3a2-a09e-4e6d-906b-dd7a3d6d9d89,68724.86,2026-06-01,other,
811,5178,1c18e8fe-3248-4100-8d59-3c2ab6587719,71466.16,2026-05-22,other,95
812,4931,eb97169e-d7fe-4f44-add0-33bdecb205d1,59272.74,2026-05-23,childcare,
813,5156,b0f7e06c-6f66-44ca-80cc-ec5055cc4dc1,156201.33,2026-05-25,education,
814,4899,0f2d608f-2bcf-417d-a226-a6c6a8e97d4d,88456.38,2026-05-26,medical,173
815,5001,f61c1a4e-7c82-40b1-a969-2c3e9968ce76,117658.0,2026-05-23,rent_arrears,181
816,4936,59df16e1-b8a9-440f-8f49-8b72ae6190e7,80492.03,2026-06-08,food,
817,5055,05265384-0d80-4b31-9564-687749922cb0,89644.56,2026-05-27,medical,
818,5239,7b9b82d8-f5ad-409c-b0ba-6a2e1ea2aed5,108138.64,2026-05-22,utilities,
819,4951,f5de914b-4164-438c-8c5a-399b9e266880,158307.12,2026-05-10,other,73
820,5105,3c650d65-7f3e-4508-9199-79da8409138f,124200.97,2026-05-12,rent_arrears,
821,5048,27e96fad-ed80-4fe0-8b84-19945c2d3d92,115091.26,2026-06-08,medical,
822,4944,6121f476-af04-4e39-9ae1-de2ec567c1bc,91491.97,2026-06-01,other,
823,5261,21ebe318-f3a8-4dd2-8c56-139ce0976070,118448.31,2026-05-30,funeral,
824,5193,ff7198c4-9b31-4a89-828c-687b5da7ba21,45487.36,2026-05-21,food,
825,5175,fc2cd074-19b2-4a35-afa7-8ed98f9c6ca0,132716.18,2026-05-20,rent_arrears,
826,5146,db4f85bf-45a1-4b79-8ee3-d972a8dc4a6c,147772.4,2026-05-25,food,
827,5104,0fa194ea-270a-489c-b4e2-2d0e228c42d2,80551.82,2026-05-28,medical,
828,5117,1dcc8203-bfa6-4218-b584-655544fad5b1,72394.47,2026-06-08,education,
829,5030,fa45f754-21b1-41bd-8910-1a0809c326c5,47356.79,2026-06-02,rent_arrears,
830,5099,a247a0bc-fc51-4fe1-bb9b-5c49049c55b1,87145.08,2026-05-20,utilities,134
831,5142,e6074890-4800-43c8-bab2-57a4bcd83a6d,67655.93,2026-06-01,childcare,
832,5124,4977b9a0-461d-447e-aeb3-9e708fe76213,55648.19,2026-05-21,medical,
833,5139,afbf318e-8b9b-485f-82f0-5a1de0f58807,74627.3,2026-05-22,utilities,
834,5216,ac02a8c6-a21f-42b9-9ac7-3e40fcc610ca,33276.23,2026-06-06,food,
835,5263,8e68cd23-9cee-4485-9957-c9a63eb842b7,45594.85,2026-05-30,childcare,
836,5004,b88f3b76-e006-4a51-89ed-dabf87229e17,22471.1,2026-05-20,funeral,
837,4995,0b97a066-5f1f-4d02-a3ce-858bee50a5ff,35332.09,2026-06-14,education,
838,5157,36377516-98ae-429c-8105-6b40740c9312,28781.99,2026-05-25,funeral,162
839,5224,f73c88bc-987f-415a-869d-ee904bf8d378,29989.07,2026-05-19,childcare,
840,5166,bb58ed8b-5625-4aa2-840b-dc3a387bc76e,16257.97,2026-06-16,food,
841,4890,164d4e8c-f1f5-47f7-91f2-9823d40a678d,24582.1,2026-06-04,other,216
842,4964,0c742530-0b4a-4968-9f95-bfa9aeac30a9,11887.06,2026-06-11,education,103
843,5203,fcf092bc-1dc6-4e97-b1b3-d0748c44596a,27925.94,2026-05-19,childcare,169
844,5119,25186d19-cf50-41c1-854e-1f100308fc84,5577.37,2026-05-22,other,85
845,5106,1b124246-f470-4d89-926f-bc8158b1c04f,8770.12,2026-05-28,rent_arrears,
846,5222,06b0c9c5-31b1-444b-aa3b-1be27bf91251,2752.03,2026-05-28,education,
847,5474,4e086344-8ea1-444d-b7a3-4fcb837d2c15,284700.91,2026-07-02,food,
848,5638,cfb40a1f-2044-49fa-86e7-6c170b7c86cc,126538.37,2026-06-24,medical,
849,5425,9a530c77-677a-4878-820a-cd20d60b8421,215110.56,2026-07-11,food,199
850,5601,f286ae8d-240d-40cc-ac83-ab933e49a123,224468.17,2026-07-17,education,
851,5372,6fa56615-aab7-4011-8745-252cf478ea3f,185286.22,2026-07-13,rent_arrears,74
852,5291,7306bbaa-8acc-4332-98cc-ca7e757d3800,137778.57,2026-07-13,utilities,
853,5282,51ff3733-53a3-4c28-a233-a2e3d7a08e3c,215282.26,2026-06-12,food,
854,5481,283ec8f7-e6a4-4561-89c6-c2efc0453abb,105259.49,2026-07-01,medical,143
855,5683,f682ebf1-eda7-465b-a6a0-c3c1370172bc,157771.32,2026-06-14,education,
856,5463,b16bfd83-15c4-4261-a8e0-ca7caa65b799,53751.24,2026-07-08,medical,106
857,5599,3717054f-d702-45d6-8e25-9d8b89d89289,60941.31,2026-06-20,food,91
858,5520,9ccb51c5-c815-449b-9c5b-643c1ebae39a,135797.55,2026-07-05,utilities,
859,5467,d657152e-2c48-4dac-97a8-7faa1c0da7b0,123792.58,2026-06-22,childcare,115
860,5268,10533dee-dfcd-4053-b044-7b6cad2b1a74,65297.66,2026-07-11,food,
861,5665,94e8acb5-1f62-4e8a-9600-c951c352d6f4,90805.52,2026-07-10,medical,83
862,5362,736ca436-6bdf-4063-abf0-82ed252fab5c,78045.11,2026-06-08,funeral,
863,5670,559daf36-9fbc-4d5d-bd42-12fdfef44c6b,75480.14,2026-07-01,medical,
864,5617,76b80bde-bfe0-403f-bf37-07f29ff34bc5,87106.96,2026-06-21,medical,
865,5319,3c5d7fab-ec45-4726-9f2d-13cb4920f7b3,110614.54,2026-06-26,medical,220
866,5516,c433272b-542d-4439-ba88-17d74d035061,158463.24,2026-07-16,medical,
867,5397,f15a2c00-f487-4156-897e-8c65db366442,70924.14,2026-06-21,medical,
868,5646,7efb4df1-58b8-47cd-9dec-45bef06a85fb,79339.76,2026-06-16,rent_arrears,
869,5666,ecfd8181-367b-42f1-8436-936fb61cdf62,94176.3,2026-06-30,medical,
870,5637,1e0c2a5a-2762-4414-bb6e-e25abdecb393,59396.74,2026-06-28,rent_arrears,
871,5532,0fd03d5b-926f-44e9-b19a-974bd832f441,112636.34,2026-07-12,medical,
872,5595,6f110732-8a14-4c31-9411-b408c4d02780,84103.54,2026-06-13,education,198
873,5390,408535d7-759f-452a-b399-7e5dcfa5bef1,100322.13,2026-06-11,other,
874,5550,9bffdfdf-fd1b-4d20-9ccc-8830c153358e,99982.6,2026-07-12,utilities,
875,5364,8a8c111d-a319-4756-b363-72fb381db8b5,103858.07,2026-06-15,education,
876,5336,60043468-6117-4b4a-acbf-8ff6d0a7a86b,69580.81,2026-06-29,medical,
877,5399,c55f8f52-05bd-4988-ab8f-80d6e05f5dee,49542.55,2026-06-17,food,
878,5493,04cc1554-4304-40a6-8a9a-4ee10ddb64a4,58661.07,2026-07-14,other,
879,5406,55ca77d3-e4dd-4d69-8218-4e482de438a2,70746.83,2026-06-20,childcare,
880,5414,bc913403-dfa4-4ad3-9eb2-e6670e5390c3,51586.64,2026-07-03,food,
881,5378,38f8b560-a2f8-4cac-964f-accfa541408a,44556.82,2026-06-16,food,
882,5289,beaea8cf-bfc5-48fa-a74f-ce405341da3b,8944.06,2026-06-13,other,60
883,5492,5f375660-8b4a-40b2-b1e6-050fe088f33c,56589.07,2026-07-18,education,
884,5580,20c8eb03-d4a6-41a1-87f1-cab1ada2929b,3000,2026-06-19,other,
885,6044,8e5be402-b82e-4849-b35c-b981f0c42f87,94279.75,2026-07-19,other,103
886,5767,3698183e-aefa-4721-b62f-50232f8227fb,263559.71,2026-08-11,other,184
887,6111,0b916f3e-8289-46f9-a0af-fe63216e8270,250381.36,2026-07-24,medical,
888,5966,e3dc3c21-c4da-482c-a382-c5e0e6de5d7a,255351.38,2026-08-08,rent_arrears,
889,6050,05cc12a3-d318-4aa2-b519-1bd55dc9ebe0,144058.96,2026-07-31,childcare,100
890,6054,d146a4f8-de90-4388-8b69-c57691caeea2,137485.32,2026-08-06,utilities,
891,5700,db6cb015-fbc4-4cba-9313-1911ace4d9de,194673.16,2026-07-18,food,139
892,5724,89c5474d-91a9-4c7f-9c5e-6097d405211f,185277.56,2026-07-22,other,81
893,6113,97a38b1e-67e3-4c74-9f9f-3bf63b7944b8,170222.18,2026-07-13,medical,213
894,5826,d17e062e-dec0-4468-bdce-3be4f4a127ad,72282.75,2026-07-18,medical,
895,5949,1e640eb8-8576-4c18-9987-16bb565e22e1,65668.21,2026-07-28,medical,208
896,5851,7e688d62-374c-4666-93ce-34d00d046af9,127852.24,2026-07-14,medical,
897,5776,0f5df415-8207-4084-a9ad-a504ed30ce12,119008.04,2026-07-16,other,88
898,5955,ccb9581b-3369-47d3-9998-06bf7cbdd645,171518.12,2026-07-29,utilities,
899,5810,38c8a6f2-3682-412e-9fa8-f7f109c4974a,101769.99,2026-08-05,funeral,
900,5824,23701fff-5290-4d27-82f8-8db8e50472dc,142127.42,2026-07-12,medical,
901,5822,665656d4-edbe-4645-9d65-ee8cc5de2cea,104222.36,2026-07-26,rent_arrears,
902,5747,b798bfd1-425a-4297-b9fe-c47642ed9265,114702.8,2026-07-25,food,
903,5719,03282506-9af5-4a85-ad4b-d306b6db654a,64285.2,2026-08-02,medical,
904,5787,156ffef7-21b0-4fdd-8c28-458e7b462f7d,153719.17,2026-07-31,funeral,231
905,6072,a1c37163-ba82-49d3-953d-73c3ba2d1a74,132609.82,2026-07-18,medical,219
906,5785,df86b96d-5ee1-4250-9d88-31937234462b,68607.86,2026-07-13,childcare,
907,5981,f2781abe-4826-49ce-b4b4-bc6aa3598539,138723.06,2026-08-07,food,
908,5712,79e52421-55b7-470e-86b0-9913c0901215,155049.66,2026-07-22,education,
909,5946,61af4804-1c2c-4909-b5dd-482f123126d1,66308.04,2026-07-15,rent_arrears,
910,5927,72f4d860-65a3-4562-bfb5-2d803b267940,112812.13,2026-07-11,childcare,
911,6069,f5466646-e1a6-4864-acb6-333ed8a49076,108376.32,2026-08-01,medical,174
912,5701,85f4ff98-3266-4cc6-a1a0-8bd2d4fe327b,117277.6,2026-07-25,food,
913,5765,53e36cf7-2478-4244-8e71-7b665b4125aa,118704.46,2026-07-19,medical,
914,5901,259fbc2d-dd5e-4ddb-9c10-b2efcd567ca5,77757.01,2026-08-04,other,155
915,6028,8047c808-f4f7-4342-913c-a6af7299abb7,43650.17,2026-08-04,rent_arrears,86
916,5820,404ecec5-ef0e-419f-8e91-c8714a68080a,43858.59,2026-07-31,education,
917,6106,45d90b57-e282-43b9-a4fa-39260df885bf,49934.97,2026-07-23,childcare,
918,6064,7ec72d72-fe49-40b3-9ddc-68d63602cd70,32105.88,2026-08-16,childcare,
919,5908,8e50ca3b-299c-46e1-ac96-567b26879484,26048.48,2026-07-21,food,
920,5743,2fe21edd-d558-4250-b3d3-6bcf02407b13,19695.44,2026-07-21,education,
921,5922,a1607e71-3bfc-4738-ae52-99715bf1ba4c,42740.21,2026-07-31,education,
922,5804,5c0dc4a2-2d85-4d74-8dd4-f90a0353d6f0,2538.74,2026-07-30,medical,185
923,6090,c6721a82-8450-4af9-81de-021558692657,2629.06,2026-07-26,other,
924,6231,3effe22e-5a0a-440d-be9e-d516a4055b20,300162.89,2026-09-11,rent_arrears,
925,6618,9e642a6d-4966-4f66-a4a5-c8e1c057b3ca,176855.33,2026-09-02,medical,
926,6323,9d7b5375-5966-4574-a2fb-84a4b1827712,131167.04,2026-09-08,education,133
927,6564,8bbcab28-9288-457b-b3ac-bc9fc5757469,148629.93,2026-09-01,education,
928,6188,7b465d1f-bb0e-4e48-b7f5-571e593eac92,122862.67,2026-08-06,food,
929,6276,6fa56615-aab7-4011-8745-252cf478ea3f,166796.2,2026-08-18,funeral,
930,6471,484b2cc1-d39f-42b4-b2ed-5b9c1ddeb46f,79473.62,2026-09-01,medical,
931,6400,806347d2-60b4-44a1-88ef-4627bf024553,153313.96,2026-08-15,food,
932,6165,da2cd82d-866f-43ce-b905-9eda15eae38a,137821.27,2026-09-04,food,169
933,6240,258c5f15-3c59-481c-8872-c5379fb8f35b,157645.56,2026-08-19,medical,163
934,6496,45f7802a-ca71-42f2-853c-54529659df88,162948.5,2026-08-29,rent_arrears,
935,6463,d0664507-97bf-492e-8c91-f98c948a1413,131884.04,2026-09-07,rent_arrears,70
936,6580,2a94350d-9ad0-4add-b89f-f0d1caedf651,128850.32,2026-09-01,education,
937,6182,51ab6e49-c9af-45d6-80c2-bf4b45ca6a9f,133612.85,2026-08-09,medical,
938,6266,2a69dae9-456d-4fa6-b71a-2830d26184d7,181593.61,2026-09-08,utilities,179
939,6667,762acabe-fe05-4408-a46e-4718ebf03e77,118406.41,2026-09-17,education,
940,6396,fe80945a-850c-4917-92d1-f9faaf839fb8,99635.67,2026-08-24,medical,
941,6296,682b4909-e972-4f07-81e2-e339c437da1e,58050.14,2026-09-06,medical,
942,6394,d657152e-2c48-4dac-97a8-7faa1c0da7b0,103280.99,2026-08-13,rent_arrears,
943,6418,c8be0505-c773-476e-b47e-0ef4e69377d9,104948.23,2026-08-25,food,
944,6360,6716c423-fd68-4e3c-86fd-0eacc6019dba,135750.98,2026-08-19,food,
945,6304,dba3ba1d-bdc7-40c2-84e5-4e9a2a21b0d5,43321.46,2026-08-30,food,
946,6614,a85946eb-d6fe-4797-aa0d-1c8bf7618578,82785.52,2026-08-17,childcare,148
947,6559,12abc277-0588-49bf-ac0b-eee594562d90,100792.13,2026-09-05,medical,
948,6657,c644657e-d39d-4578-b0b7-5a16caad1b7c,85075.65,2026-08-20,childcare,
949,6544,f4e43797-2099-417b-b184-005aa5b90ca0,33319.96,2026-09-02,food,237
950,6388,1a753b25-96fb-4a97-9ea8-6e4d673fb5db,82213.18,2026-09-07,medical,
951,6397,b4ff1bf5-4fb6-4081-ad87-71588694bd65,93031.29,2026-08-28,food,
952,6630,20c903d0-20ae-431b-a178-f649acadf075,54471.54,2026-08-08,food,
953,6584,04a44a3a-55ac-4d5a-afd6-086fc7e83e03,33875.04,2026-08-13,medical,
954,6592,e3b835e8-756a-473e-b5ac-4049c9852657,35101.45,2026-08-15,medical,
955,6393,bb721ec3-cd9e-47ec-b18a-00a955704609,15783.22,2026-09-01,medical,
956,6654,b0bd2224-2619-48c8-a0ee-0d0d28481544,28294.94,2026-09-07,medical,
957,6287,8c7b3b50-6e4e-4db3-80b0-9e71bd234399,25070.06,2026-09-02,medical,
958,6511,73356162-9871-4e82-aeb5-0e7c7024b1e3,20448.29,2026-08-09,childcare,
959,6540,fbaa0f24-939b-4479-8932-20fe93849cde,25680.09,2026-08-31,food,
960,6284,17a0b815-ee6a-4678-97f2-000847fe8f23,41206.63,2026-09-03,education,
961,6513,f203ffa7-c0ca-41ec-a411-2ecb4d07b2fc,43431.57,2026-08-31,funeral,
962,6389,2319ad2b-ef98-4183-9b52-e2f4eacccf51,3105.07,2026-08-27,medical,
963,6527,a35704f5-2cd9-42fe-9f99-b97207f6b768,14356.89,2026-08-21,childcare,
964,6358,0b6a235d-34b5-4690-93fb-7dc30d67b47b,2703.77,2026-08-21,education,
965,6558,50a03447-98bb-4d19-af98-c078ea6fc738,2613.1,2026-08-06,utilities,
966,7119,662b5849-ca7a-4dca-af24-63d5cd4cb2aa,131605.44,2026-09-26,childcare,
967,6817,db084237-ab3c-4572-9a35-aa26d9a2489e,197261.21,2026-09-18,education,
968,6859,20a664a0-2b29-4c1d-b776-d6652487dbb3,163316.57,2026-09-08,medical,
969,6806,47ca4e4a-ec9a-43da-baf5-15e5fb840035,139852.1,2026-09-13,education,
970,6709,b1efc847-bfd1-49f0-894f-8c625343a0d4,108957.39,2026-10-08,medical,156
971,6965,63b0daf2-3d43-4fe2-acf6-b84feec8f3bf,229162.21,2026-10-06,utilities,
972,6774,48dc093d-a9d6-4292-afcb-6ba7033a4162,72057.27,2026-10-11,food,64
973,6938,81d8ed83-cec7-4a87-a541-7f4862d0de07,75831.11,2026-09-29,childcare,
974,6762,9542c2e9-8a85-4063-8460-a0ffb6815a9c,187229.96,2026-10-07,medical,100
975,7120,7a91d263-8b5a-43b0-b3da-b4ecde3c8d19,89990.5,2026-09-28,rent_arrears,
976,6915,a5431b04-7203-4b2d-b459-bf5ef2c670af,66428.88,2026-09-08,food,217
977,6972,0fa194ea-270a-489c-b4e2-2d0e228c42d2,106568.89,2026-10-02,medical,
978,6947,58343c11-cdac-4bf4-8dd0-221c9f4784b7,67635.77,2026-09-26,childcare,60
979,6687,6c0c3c4d-7e88-49f7-b2fe-49e4d5da4f72,159771.94,2026-09-14,funeral,
980,7061,3156da0f-b2ea-4364-ab6e-994bda9c8310,144105.52,2026-09-27,food,181
981,6874,8690dff3-5a98-4c49-90ea-87c3764003bf,60985.0,2026-09-23,food,
982,7118,8793986a-e24f-4661-b9ce-3fdb3a84636e,174332.91,2026-09-18,food,77
983,6753,3ec1f967-e1e0-4d2e-be76-8d72618665cb,100926.28,2026-09-17,food,
984,7106,01ec1aa0-732d-41e4-89db-850bafa3ef99,61344.89,2026-09-20,food,
985,7016,d07b51b5-a7cf-4008-aca8-5539a43c6d9d,132956.68,2026-09-29,medical,
986,7175,21ebe318-f3a8-4dd2-8c56-139ce0976070,145841.91,2026-10-16,education,
987,6764,f5de914b-4164-438c-8c5a-399b9e266880,66090.44,2026-09-05,medical,
988,7131,bad9cbb4-b85c-4971-b70e-45894b657c2e,35769.96,2026-09-22,utilities,
989,6910,9223297b-75d9-4ec0-ac2c-35019db22ba7,93246.66,2026-10-02,rent_arrears,104
990,6680,312f857b-cab9-42a1-b2cb-0ed81424d978,63472.89,2026-09-30,food,
991,6892,8a943f31-cef0-47fa-abc3-bb93bb773d83,89123.16,2026-10-05,food,
992,7177,d7b5e785-71bb-4410-8e7c-997420714eea,29322.09,2026-09-15,education,
993,6799,cb2dd485-e70e-4c45-a8b1-ee0ef7e6d1b9,93040.6,2026-10-02,rent_arrears,
994,7084,22e889dd-0e95-47ab-b7ad-26f973396f2c,53866.72,2026-10-15,medical,182
995,6943,5e0ae0bf-3d8c-46bb-b861-8ce339fdcbcb,53454.6,2026-10-19,rent_arrears,
996,6886,cf184acf-6425-4c88-98a7-8fefe4365bb3,70895.64,2026-09-15,rent_arrears,
997,6757,3d01c477-8f56-45b5-93a7-8e6fe8e1fa33,29652.31,2026-10-03,other,
998,7045,4a9688c4-9e7e-475b-bbe9-836910a62668,32706.56,2026-09-30,food,152
999,6879,ac2496a7-e674-4d20-8938-53106b613482,53470.44,2026-09-24,rent_arrears,134
1000,7159,5595f4f1-d4e6-414b-a129-957ee1aa44a8,9173.64,2026-10-09,education,
1001,6683,9f9726e4-1d48-430e-84b4-d015b949afaa,49930.41,2026-10-14,funeral,216
1002,6741,432ad38a-a919-4ae8-a9d4-47cc6cf7bc0f,21778.04,2026-09-21,other,
1003,6926,01cd17de-e621-47ec-9268-d847639b507f,23042.01,2026-09-28,utilities,239
1004,6839,2e099064-6538-4a34-aeb1-f504e45ad0e8,46687.45,2026-09-08,funeral,
1005,6745,b80daf96-4776-4ebd-b1f1-c56da1a10c30,7726.3,2026-09-12,food,75
1006,7094,6590af4f-d588-43c4-8076-3171bcf94a80,2659.97,2026-09-13,utilities,196
1007,6722,1447beb6-a055-4c76-8d7d-db7f00264d02,24378.72,2026-10-01,other,
1008,6756,20aa0084-a82f-4187-96f5-236d7a3e4069,9024.11,2026-09-27,medical,
1009,7090,46420c0f-c9e5-4132-9b61-18a3dba1b2f4,2645.21,2026-09-20,education,
1010,7153,ebfc925c-a0eb-4d5e-ada5-d995486c247a,15023.72,2026-09-25,childcare,215
